0 verbose cli C:\Program Files\nodejs\node.exe C:\Program Files\nodejs\node_modules\npm\bin\npm-cli.js
1 info using npm@11.8.0
2 info using node@v24.13.1
3 silly config load:file:C:\Program Files\nodejs\node_modules\npm\npmrc
4 silly config load:file:C:\Users\LeahN\Desktop\PatchWeb\PatchWebsite\PatchWebsiteCode\.npmrc
5 silly config load:file:C:\Users\LeahN\.npmrc
6 silly config load:file:C:\Users\LeahN\AppData\Roaming\npm\etc\npmrc
7 verbose title npm install
8 verbose argv "install" "--cache" ".npm-cache"
9 verbose logfile logs-max:10 dir:C:\Users\LeahN\Desktop\PatchWeb\PatchWebsite\PatchWebsiteCode\.npm-cache\_logs\2026-07-29T11_26_18_564Z-
10 verbose logfile C:\Users\LeahN\Desktop\PatchWeb\PatchWebsite\PatchWebsiteCode\.npm-cache\_logs\2026-07-29T11_26_18_564Z-debug-0.log
11 silly logfile done cleaning log files
12 silly packumentCache heap:4496293888 maxSize:1124073472 maxEntrySize:562036736
13 silly idealTree buildDeps
14 silly reify mark retired [
14 silly reify   'C:\\Users\\LeahN\\Desktop\\PatchWeb\\PatchWebsite\\PatchWebsiteCode\\node_modules\\acorn'
14 silly reify ]
15 silly reify mark retired [
15 silly reify   'C:\\Users\\LeahN\\Desktop\\PatchWeb\\PatchWebsite\\PatchWebsiteCode\\node_modules\\ansi-align'
15 silly reify ]
16 silly reify mark retired [
16 silly reify   'C:\\Users\\LeahN\\Desktop\\PatchWeb\\PatchWebsite\\PatchWebsiteCode\\node_modules\\ansi-regex'
16 silly reify ]
17 silly reify mark retired [
17 silly reify   'C:\\Users\\LeahN\\Desktop\\PatchWeb\\PatchWebsite\\PatchWebsiteCode\\node_modules\\ansi-styles'
17 silly reify ]
18 silly reify mark retired [
18 silly reify   'C:\\Users\\LeahN\\Desktop\\PatchWeb\\PatchWebsite\\PatchWebsiteCode\\node_modules\\array-iterate'
18 silly reify ]
19 silly reify mark retired [
19 silly reify   'C:\\Users\\LeahN\\Desktop\\PatchWeb\\PatchWebsite\\PatchWebsiteCode\\node_modules\\astro'
19 silly reify ]
20 silly reify mark retired [
20 silly reify   'C:\\Users\\LeahN\\Desktop\\PatchWeb\\PatchWebsite\\PatchWebsiteCode\\node_modules\\base-64'
20 silly reify ]
21 silly reify mark retired [
21 silly reify   'C:\\Users\\LeahN\\Desktop\\PatchWeb\\PatchWebsite\\PatchWebsiteCode\\node_modules\\base64-js'
21 silly reify ]
22 silly reify mark retired [
22 silly reify   'C:\\Users\\LeahN\\Desktop\\PatchWeb\\PatchWebsite\\PatchWebsiteCode\\node_modules\\bail'
22 silly reify ]
23 silly reify mark retired [
23 silly reify   'C:\\Users\\LeahN\\Desktop\\PatchWeb\\PatchWebsite\\PatchWebsiteCode\\node_modules\\blob-to-buffer'
23 silly reify ]
24 silly reify mark retired [
24 silly reify   'C:\\Users\\LeahN\\Desktop\\PatchWeb\\PatchWebsite\\PatchWebsiteCode\\node_modules\\brotli'
24 silly reify ]
25 silly reify mark retired [
25 silly reify   'C:\\Users\\LeahN\\Desktop\\PatchWeb\\PatchWebsite\\PatchWebsiteCode\\node_modules\\camelcase'
25 silly reify ]
26 silly reify mark retired [
26 silly reify   'C:\\Users\\LeahN\\Desktop\\PatchWeb\\PatchWebsite\\PatchWebsiteCode\\node_modules\\boxen'
26 silly reify ]
27 silly reify mark retired [
27 silly reify   'C:\\Users\\LeahN\\Desktop\\PatchWeb\\PatchWebsite\\PatchWebsiteCode\\node_modules\\chalk'
27 silly reify ]
28 silly reify mark retired [
28 silly reify   'C:\\Users\\LeahN\\Desktop\\PatchWeb\\PatchWebsite\\PatchWebsiteCode\\node_modules\\character-entities-html4'
28 silly reify ]
29 silly reify mark retired [
29 silly reify   'C:\\Users\\LeahN\\Desktop\\PatchWeb\\PatchWebsite\\PatchWebsiteCode\\node_modules\\ccount'
29 silly reify ]
30 silly reify mark retired [
30 silly reify   'C:\\Users\\LeahN\\Desktop\\PatchWeb\\PatchWebsite\\PatchWebsiteCode\\node_modules\\character-entities'
30 silly reify ]
31 silly reify mark retired [
31 silly reify   'C:\\Users\\LeahN\\Desktop\\PatchWeb\\PatchWebsite\\PatchWebsiteCode\\node_modules\\character-entities-legacy'
31 silly reify ]
32 silly reify mark retired [
32 silly reify   'C:\\Users\\LeahN\\Desktop\\PatchWeb\\PatchWebsite\\PatchWebsiteCode\\node_modules\\chokidar'
32 silly reify ]
33 silly reify mark retired [
33 silly reify   'C:\\Users\\LeahN\\Desktop\\PatchWeb\\PatchWebsite\\PatchWebsiteCode\\node_modules\\ci-info'
33 silly reify ]
34 silly reify mark retired [
34 silly reify   'C:\\Users\\LeahN\\Desktop\\PatchWeb\\PatchWebsite\\PatchWebsiteCode\\node_modules\\cli-boxes'
34 silly reify ]
35 silly reify mark retired [
35 silly reify   'C:\\Users\\LeahN\\Desktop\\PatchWeb\\PatchWebsite\\PatchWebsiteCode\\node_modules\\clone'
35 silly reify ]
36 silly reify mark retired [
36 silly reify   'C:\\Users\\LeahN\\Desktop\\PatchWeb\\PatchWebsite\\PatchWebsiteCode\\node_modules\\clsx'
36 silly reify ]
37 silly reify mark retired [
37 silly reify   'C:\\Users\\LeahN\\Desktop\\PatchWeb\\PatchWebsite\\PatchWebsiteCode\\node_modules\\color'
37 silly reify ]
38 silly reify mark retired [
38 silly reify   'C:\\Users\\LeahN\\Desktop\\PatchWeb\\PatchWebsite\\PatchWebsiteCode\\node_modules\\color-string'
38 silly reify ]
39 silly reify mark retired [
39 silly reify   'C:\\Users\\LeahN\\Desktop\\PatchWeb\\PatchWebsite\\PatchWebsiteCode\\node_modules\\common-ancestor-path'
39 silly reify ]
40 silly reify mark retired [
40 silly reify   'C:\\Users\\LeahN\\Desktop\\PatchWeb\\PatchWebsite\\PatchWebsiteCode\\node_modules\\cookie-es'
40 silly reify ]
41 silly reify mark retired [
41 silly reify   'C:\\Users\\LeahN\\Desktop\\PatchWeb\\PatchWebsite\\PatchWebsiteCode\\node_modules\\cookie'
41 silly reify ]
42 silly reify mark retired [
42 silly reify   'C:\\Users\\LeahN\\Desktop\\PatchWeb\\PatchWebsite\\PatchWebsiteCode\\node_modules\\comma-separated-tokens'
42 silly reify ]
43 silly reify mark retired [
43 silly reify   'C:\\Users\\LeahN\\Desktop\\PatchWeb\\PatchWebsite\\PatchWebsiteCode\\node_modules\\crossws'
43 silly reify ]
44 silly reify mark retired [
44 silly reify   'C:\\Users\\LeahN\\Desktop\\PatchWeb\\PatchWebsite\\PatchWebsiteCode\\node_modules\\cross-fetch'
44 silly reify ]
45 silly reify mark retired [
45 silly reify   'C:\\Users\\LeahN\\Desktop\\PatchWeb\\PatchWebsite\\PatchWebsiteCode\\node_modules\\css-tree'
45 silly reify ]
46 silly reify mark retired [
46 silly reify   'C:\\Users\\LeahN\\Desktop\\PatchWeb\\PatchWebsite\\PatchWebsiteCode\\node_modules\\debug'
46 silly reify ]
47 silly reify mark retired [
47 silly reify   'C:\\Users\\LeahN\\Desktop\\PatchWeb\\PatchWebsite\\PatchWebsiteCode\\node_modules\\cssesc'
47 silly reify ]
48 silly reify mark retired [
48 silly reify   'C:\\Users\\LeahN\\Desktop\\PatchWeb\\PatchWebsite\\PatchWebsiteCode\\node_modules\\defu'
48 silly reify ]
49 silly reify mark retired [
49 silly reify   'C:\\Users\\LeahN\\Desktop\\PatchWeb\\PatchWebsite\\PatchWebsiteCode\\node_modules\\decode-named-character-reference'
49 silly reify ]
50 silly reify mark retired [
50 silly reify   'C:\\Users\\LeahN\\Desktop\\PatchWeb\\PatchWebsite\\PatchWebsiteCode\\node_modules\\dequal'
50 silly reify ]
51 silly reify mark retired [
51 silly reify   'C:\\Users\\LeahN\\Desktop\\PatchWeb\\PatchWebsite\\PatchWebsiteCode\\node_modules\\destr'
51 silly reify ]
52 silly reify mark retired [
52 silly reify   'C:\\Users\\LeahN\\Desktop\\PatchWeb\\PatchWebsite\\PatchWebsiteCode\\node_modules\\detect-libc'
52 silly reify ]
53 silly reify mark retired [
53 silly reify   'C:\\Users\\LeahN\\Desktop\\PatchWeb\\PatchWebsite\\PatchWebsiteCode\\node_modules\\deterministic-object-hash'
53 silly reify ]
54 silly reify mark retired [
54 silly reify   'C:\\Users\\LeahN\\Desktop\\PatchWeb\\PatchWebsite\\PatchWebsiteCode\\node_modules\\devalue'
54 silly reify ]
55 silly reify mark retired [
55 silly reify   'C:\\Users\\LeahN\\Desktop\\PatchWeb\\PatchWebsite\\PatchWebsiteCode\\node_modules\\dfa'
55 silly reify ]
56 silly reify mark retired [
56 silly reify   'C:\\Users\\LeahN\\Desktop\\PatchWeb\\PatchWebsite\\PatchWebsiteCode\\node_modules\\devlop'
56 silly reify ]
57 silly reify mark retired [
57 silly reify   'C:\\Users\\LeahN\\Desktop\\PatchWeb\\PatchWebsite\\PatchWebsiteCode\\node_modules\\diff'
57 silly reify ]
58 silly reify mark retired [
58 silly reify   'C:\\Users\\LeahN\\Desktop\\PatchWeb\\PatchWebsite\\PatchWebsiteCode\\node_modules\\emoji-regex'
58 silly reify ]
59 silly reify mark retired [
59 silly reify   'C:\\Users\\LeahN\\Desktop\\PatchWeb\\PatchWebsite\\PatchWebsiteCode\\node_modules\\entities'
59 silly reify ]
60 silly reify mark retired [
60 silly reify   'C:\\Users\\LeahN\\Desktop\\PatchWeb\\PatchWebsite\\PatchWebsiteCode\\node_modules\\es-module-lexer'
60 silly reify ]
61 silly reify mark retired [
61 silly reify   'C:\\Users\\LeahN\\Desktop\\PatchWeb\\PatchWebsite\\PatchWebsiteCode\\node_modules\\esbuild'
61 silly reify ]
62 silly reify mark retired [
62 silly reify   'C:\\Users\\LeahN\\Desktop\\PatchWeb\\PatchWebsite\\PatchWebsiteCode\\node_modules\\escape-string-regexp'
62 silly reify ]
63 silly reify mark retired [
63 silly reify   'C:\\Users\\LeahN\\Desktop\\PatchWeb\\PatchWebsite\\PatchWebsiteCode\\node_modules\\eventemitter3'
63 silly reify ]
64 silly reify mark retired [
64 silly reify   'C:\\Users\\LeahN\\Desktop\\PatchWeb\\PatchWebsite\\PatchWebsiteCode\\node_modules\\estree-walker'
64 silly reify ]
65 silly reify mark retired [
65 silly reify   'C:\\Users\\LeahN\\Desktop\\PatchWeb\\PatchWebsite\\PatchWebsiteCode\\node_modules\\extend'
65 silly reify ]
66 silly reify mark retired [
66 silly reify   'C:\\Users\\LeahN\\Desktop\\PatchWeb\\PatchWebsite\\PatchWebsiteCode\\node_modules\\fdir'
66 silly reify ]
67 silly reify mark retired [
67 silly reify   'C:\\Users\\LeahN\\Desktop\\PatchWeb\\PatchWebsite\\PatchWebsiteCode\\node_modules\\flattie'
67 silly reify ]
68 silly reify mark retired [
68 silly reify   'C:\\Users\\LeahN\\Desktop\\PatchWeb\\PatchWebsite\\PatchWebsiteCode\\node_modules\\fontace'
68 silly reify ]
69 silly reify mark retired [
69 silly reify   'C:\\Users\\LeahN\\Desktop\\PatchWeb\\PatchWebsite\\PatchWebsiteCode\\node_modules\\fontkit'
69 silly reify ]
70 silly reify mark retired [
70 silly reify   'C:\\Users\\LeahN\\Desktop\\PatchWeb\\PatchWebsite\\PatchWebsiteCode\\node_modules\\github-slugger'
70 silly reify ]
71 silly reify mark retired [
71 silly reify   'C:\\Users\\LeahN\\Desktop\\PatchWeb\\PatchWebsite\\PatchWebsiteCode\\node_modules\\get-east-asian-width'
71 silly reify ]
72 silly reify mark retired [
72 silly reify   'C:\\Users\\LeahN\\Desktop\\PatchWeb\\PatchWebsite\\PatchWebsiteCode\\node_modules\\h3'
72 silly reify ]
73 silly reify mark retired [
73 silly reify   'C:\\Users\\LeahN\\Desktop\\PatchWeb\\PatchWebsite\\PatchWebsiteCode\\node_modules\\hast-util-from-html'
73 silly reify ]
74 silly reify mark retired [
74 silly reify   'C:\\Users\\LeahN\\Desktop\\PatchWeb\\PatchWebsite\\PatchWebsiteCode\\node_modules\\hast-util-from-parse5'
74 silly reify ]
75 silly reify mark retired [
75 silly reify   'C:\\Users\\LeahN\\Desktop\\PatchWeb\\PatchWebsite\\PatchWebsiteCode\\node_modules\\hast-util-is-element'
75 silly reify ]
76 silly reify mark retired [
76 silly reify   'C:\\Users\\LeahN\\Desktop\\PatchWeb\\PatchWebsite\\PatchWebsiteCode\\node_modules\\hast-util-parse-selector'
76 silly reify ]
77 silly reify mark retired [
77 silly reify   'C:\\Users\\LeahN\\Desktop\\PatchWeb\\PatchWebsite\\PatchWebsiteCode\\node_modules\\hast-util-raw'
77 silly reify ]
78 silly reify mark retired [
78 silly reify   'C:\\Users\\LeahN\\Desktop\\PatchWeb\\PatchWebsite\\PatchWebsiteCode\\node_modules\\hast-util-to-html'
78 silly reify ]
79 silly reify mark retired [
79 silly reify   'C:\\Users\\LeahN\\Desktop\\PatchWeb\\PatchWebsite\\PatchWebsiteCode\\node_modules\\hast-util-to-parse5'
79 silly reify ]
80 silly reify mark retired [
80 silly reify   'C:\\Users\\LeahN\\Desktop\\PatchWeb\\PatchWebsite\\PatchWebsiteCode\\node_modules\\hast-util-to-text'
80 silly reify ]
81 silly reify mark retired [
81 silly reify   'C:\\Users\\LeahN\\Desktop\\PatchWeb\\PatchWebsite\\PatchWebsiteCode\\node_modules\\hast-util-whitespace'
81 silly reify ]
82 silly reify mark retired [
82 silly reify   'C:\\Users\\LeahN\\Desktop\\PatchWeb\\PatchWebsite\\PatchWebsiteCode\\node_modules\\hastscript'
82 silly reify ]
83 silly reify mark retired [
83 silly reify   'C:\\Users\\LeahN\\Desktop\\PatchWeb\\PatchWebsite\\PatchWebsiteCode\\node_modules\\http-cache-semantics'
83 silly reify ]
84 silly reify mark retired [
84 silly reify   'C:\\Users\\LeahN\\Desktop\\PatchWeb\\PatchWebsite\\PatchWebsiteCode\\node_modules\\html-void-elements'
84 silly reify ]
85 silly reify mark retired [
85 silly reify   'C:\\Users\\LeahN\\Desktop\\PatchWeb\\PatchWebsite\\PatchWebsiteCode\\node_modules\\import-meta-resolve'
85 silly reify ]
86 silly reify mark retired [
86 silly reify   'C:\\Users\\LeahN\\Desktop\\PatchWeb\\PatchWebsite\\PatchWebsiteCode\\node_modules\\is-arrayish'
86 silly reify ]
87 silly reify mark retired [
87 silly reify   'C:\\Users\\LeahN\\Desktop\\PatchWeb\\PatchWebsite\\PatchWebsiteCode\\node_modules\\is-docker'
87 silly reify ]
88 silly reify mark retired [
88 silly reify   'C:\\Users\\LeahN\\Desktop\\PatchWeb\\PatchWebsite\\PatchWebsiteCode\\node_modules\\iron-webcrypto'
88 silly reify ]
89 silly reify mark retired [
89 silly reify   'C:\\Users\\LeahN\\Desktop\\PatchWeb\\PatchWebsite\\PatchWebsiteCode\\node_modules\\is-fullwidth-code-point'
89 silly reify ]
90 silly reify mark retired [
90 silly reify   'C:\\Users\\LeahN\\Desktop\\PatchWeb\\PatchWebsite\\PatchWebsiteCode\\node_modules\\is-inside-container'
90 silly reify ]
91 silly reify mark retired [
91 silly reify   'C:\\Users\\LeahN\\Desktop\\PatchWeb\\PatchWebsite\\PatchWebsiteCode\\node_modules\\is-plain-obj'
91 silly reify ]
92 silly reify mark retired [
92 silly reify   'C:\\Users\\LeahN\\Desktop\\PatchWeb\\PatchWebsite\\PatchWebsiteCode\\node_modules\\is-wsl'
92 silly reify ]
93 silly reify mark retired [
93 silly reify   'C:\\Users\\LeahN\\Desktop\\PatchWeb\\PatchWebsite\\PatchWebsiteCode\\node_modules\\js-yaml'
93 silly reify ]
94 silly reify mark retired [
94 silly reify   'C:\\Users\\LeahN\\Desktop\\PatchWeb\\PatchWebsite\\PatchWebsiteCode\\node_modules\\kleur'
94 silly reify ]
95 silly reify mark retired [
95 silly reify   'C:\\Users\\LeahN\\Desktop\\PatchWeb\\PatchWebsite\\PatchWebsiteCode\\node_modules\\lru-cache'
95 silly reify ]
96 silly reify mark retired [
96 silly reify   'C:\\Users\\LeahN\\Desktop\\PatchWeb\\PatchWebsite\\PatchWebsiteCode\\node_modules\\longest-streak'
96 silly reify ]
97 silly reify mark retired [
97 silly reify   'C:\\Users\\LeahN\\Desktop\\PatchWeb\\PatchWebsite\\PatchWebsiteCode\\node_modules\\magicast'
97 silly reify ]
98 silly reify mark retired [
98 silly reify   'C:\\Users\\LeahN\\Desktop\\PatchWeb\\PatchWebsite\\PatchWebsiteCode\\node_modules\\magic-string'
98 silly reify ]
99 silly reify mark retired [
99 silly reify   'C:\\Users\\LeahN\\Desktop\\PatchWeb\\PatchWebsite\\PatchWebsiteCode\\node_modules\\markdown-table'
99 silly reify ]
100 silly reify mark retired [
100 silly reify   'C:\\Users\\LeahN\\Desktop\\PatchWeb\\PatchWebsite\\PatchWebsiteCode\\node_modules\\mdast-util-definitions'
100 silly reify ]
101 silly reify mark retired [
101 silly reify   'C:\\Users\\LeahN\\Desktop\\PatchWeb\\PatchWebsite\\PatchWebsiteCode\\node_modules\\mdast-util-find-and-replace'
101 silly reify ]
102 silly reify mark retired [
102 silly reify   'C:\\Users\\LeahN\\Desktop\\PatchWeb\\PatchWebsite\\PatchWebsiteCode\\node_modules\\mdast-util-from-markdown'
102 silly reify ]
103 silly reify mark retired [
103 silly reify   'C:\\Users\\LeahN\\Desktop\\PatchWeb\\PatchWebsite\\PatchWebsiteCode\\node_modules\\mdast-util-gfm'
103 silly reify ]
104 silly reify mark retired [
104 silly reify   'C:\\Users\\LeahN\\Desktop\\PatchWeb\\PatchWebsite\\PatchWebsiteCode\\node_modules\\mdast-util-gfm-autolink-literal'
104 silly reify ]
105 silly reify mark retired [
105 silly reify   'C:\\Users\\LeahN\\Desktop\\PatchWeb\\PatchWebsite\\PatchWebsiteCode\\node_modules\\mdast-util-gfm-footnote'
105 silly reify ]
106 silly reify mark retired [
106 silly reify   'C:\\Users\\LeahN\\Desktop\\PatchWeb\\PatchWebsite\\PatchWebsiteCode\\node_modules\\mdast-util-gfm-strikethrough'
106 silly reify ]
107 silly reify mark retired [
107 silly reify   'C:\\Users\\LeahN\\Desktop\\PatchWeb\\PatchWebsite\\PatchWebsiteCode\\node_modules\\mdast-util-gfm-task-list-item'
107 silly reify ]
108 silly reify mark retired [
108 silly reify   'C:\\Users\\LeahN\\Desktop\\PatchWeb\\PatchWebsite\\PatchWebsiteCode\\node_modules\\mdast-util-gfm-table'
108 silly reify ]
109 silly reify mark retired [
109 silly reify   'C:\\Users\\LeahN\\Desktop\\PatchWeb\\PatchWebsite\\PatchWebsiteCode\\node_modules\\mdast-util-to-hast'
109 silly reify ]
110 silly reify mark retired [
110 silly reify   'C:\\Users\\LeahN\\Desktop\\PatchWeb\\PatchWebsite\\PatchWebsiteCode\\node_modules\\mdast-util-phrasing'
110 silly reify ]
111 silly reify mark retired [
111 silly reify   'C:\\Users\\LeahN\\Desktop\\PatchWeb\\PatchWebsite\\PatchWebsiteCode\\node_modules\\mdn-data'
111 silly reify ]
112 silly reify mark retired [
112 silly reify   'C:\\Users\\LeahN\\Desktop\\PatchWeb\\PatchWebsite\\PatchWebsiteCode\\node_modules\\mdast-util-to-markdown'
112 silly reify ]
113 silly reify mark retired [
113 silly reify   'C:\\Users\\LeahN\\Desktop\\PatchWeb\\PatchWebsite\\PatchWebsiteCode\\node_modules\\micromark'
113 silly reify ]
114 silly reify mark retired [
114 silly reify   'C:\\Users\\LeahN\\Desktop\\PatchWeb\\PatchWebsite\\PatchWebsiteCode\\node_modules\\mdast-util-to-string'
114 silly reify ]
115 silly reify mark retired [
115 silly reify   'C:\\Users\\LeahN\\Desktop\\PatchWeb\\PatchWebsite\\PatchWebsiteCode\\node_modules\\micromark-core-commonmark'
115 silly reify ]
116 silly reify mark retired [
116 silly reify   'C:\\Users\\LeahN\\Desktop\\PatchWeb\\PatchWebsite\\PatchWebsiteCode\\node_modules\\micromark-extension-gfm'
116 silly reify ]
117 silly reify mark retired [
117 silly reify   'C:\\Users\\LeahN\\Desktop\\PatchWeb\\PatchWebsite\\PatchWebsiteCode\\node_modules\\micromark-extension-gfm-autolink-literal'
117 silly reify ]
118 silly reify mark retired [
118 silly reify   'C:\\Users\\LeahN\\Desktop\\PatchWeb\\PatchWebsite\\PatchWebsiteCode\\node_modules\\micromark-extension-gfm-footnote'
118 silly reify ]
119 silly reify mark retired [
119 silly reify   'C:\\Users\\LeahN\\Desktop\\PatchWeb\\PatchWebsite\\PatchWebsiteCode\\node_modules\\micromark-extension-gfm-strikethrough'
119 silly reify ]
120 silly reify mark retired [
120 silly reify   'C:\\Users\\LeahN\\Desktop\\PatchWeb\\PatchWebsite\\PatchWebsiteCode\\node_modules\\micromark-extension-gfm-table'
120 silly reify ]
121 silly reify mark retired [
121 silly reify   'C:\\Users\\LeahN\\Desktop\\PatchWeb\\PatchWebsite\\PatchWebsiteCode\\node_modules\\micromark-extension-gfm-task-list-item'
121 silly reify ]
122 silly reify mark retired [
122 silly reify   'C:\\Users\\LeahN\\Desktop\\PatchWeb\\PatchWebsite\\PatchWebsiteCode\\node_modules\\micromark-extension-gfm-tagfilter'
122 silly reify ]
123 silly reify mark retired [
123 silly reify   'C:\\Users\\LeahN\\Desktop\\PatchWeb\\PatchWebsite\\PatchWebsiteCode\\node_modules\\micromark-factory-destination'
123 silly reify ]
124 silly reify mark retired [
124 silly reify   'C:\\Users\\LeahN\\Desktop\\PatchWeb\\PatchWebsite\\PatchWebsiteCode\\node_modules\\micromark-factory-label'
124 silly reify ]
125 silly reify mark retired [
125 silly reify   'C:\\Users\\LeahN\\Desktop\\PatchWeb\\PatchWebsite\\PatchWebsiteCode\\node_modules\\micromark-factory-space'
125 silly reify ]
126 silly reify mark retired [
126 silly reify   'C:\\Users\\LeahN\\Desktop\\PatchWeb\\PatchWebsite\\PatchWebsiteCode\\node_modules\\micromark-factory-title'
126 silly reify ]
127 silly reify mark retired [
127 silly reify   'C:\\Users\\LeahN\\Desktop\\PatchWeb\\PatchWebsite\\PatchWebsiteCode\\node_modules\\micromark-factory-whitespace'
127 silly reify ]
128 silly reify mark retired [
128 silly reify   'C:\\Users\\LeahN\\Desktop\\PatchWeb\\PatchWebsite\\PatchWebsiteCode\\node_modules\\micromark-util-chunked'
128 silly reify ]
129 silly reify mark retired [
129 silly reify   'C:\\Users\\LeahN\\Desktop\\PatchWeb\\PatchWebsite\\PatchWebsiteCode\\node_modules\\micromark-util-character'
129 silly reify ]
130 silly reify mark retired [
130 silly reify   'C:\\Users\\LeahN\\Desktop\\PatchWeb\\PatchWebsite\\PatchWebsiteCode\\node_modules\\micromark-util-classify-character'
130 silly reify ]
131 silly reify mark retired [
131 silly reify   'C:\\Users\\LeahN\\Desktop\\PatchWeb\\PatchWebsite\\PatchWebsiteCode\\node_modules\\micromark-util-combine-extensions'
131 silly reify ]
132 silly reify mark retired [
132 silly reify   'C:\\Users\\LeahN\\Desktop\\PatchWeb\\PatchWebsite\\PatchWebsiteCode\\node_modules\\micromark-util-decode-numeric-character-reference'
132 silly reify ]
133 silly reify mark retired [
133 silly reify   'C:\\Users\\LeahN\\Desktop\\PatchWeb\\PatchWebsite\\PatchWebsiteCode\\node_modules\\micromark-util-decode-string'
133 silly reify ]
134 silly reify mark retired [
134 silly reify   'C:\\Users\\LeahN\\Desktop\\PatchWeb\\PatchWebsite\\PatchWebsiteCode\\node_modules\\micromark-util-encode'
134 silly reify ]
135 silly reify mark retired [
135 silly reify   'C:\\Users\\LeahN\\Desktop\\PatchWeb\\PatchWebsite\\PatchWebsiteCode\\node_modules\\micromark-util-html-tag-name'
135 silly reify ]
136 silly reify mark retired [
136 silly reify   'C:\\Users\\LeahN\\Desktop\\PatchWeb\\PatchWebsite\\PatchWebsiteCode\\node_modules\\micromark-util-normalize-identifier'
136 silly reify ]
137 silly reify mark retired [
137 silly reify   'C:\\Users\\LeahN\\Desktop\\PatchWeb\\PatchWebsite\\PatchWebsiteCode\\node_modules\\micromark-util-resolve-all'
137 silly reify ]
138 silly reify mark retired [
138 silly reify   'C:\\Users\\LeahN\\Desktop\\PatchWeb\\PatchWebsite\\PatchWebsiteCode\\node_modules\\micromark-util-sanitize-uri'
138 silly reify ]
139 silly reify mark retired [
139 silly reify   'C:\\Users\\LeahN\\Desktop\\PatchWeb\\PatchWebsite\\PatchWebsiteCode\\node_modules\\micromark-util-subtokenize'
139 silly reify ]
140 silly reify mark retired [
140 silly reify   'C:\\Users\\LeahN\\Desktop\\PatchWeb\\PatchWebsite\\PatchWebsiteCode\\node_modules\\micromark-util-symbol'
140 silly reify ]
141 silly reify mark retired [
141 silly reify   'C:\\Users\\LeahN\\Desktop\\PatchWeb\\PatchWebsite\\PatchWebsiteCode\\node_modules\\mrmime'
141 silly reify ]
142 silly reify mark retired [
142 silly reify   'C:\\Users\\LeahN\\Desktop\\PatchWeb\\PatchWebsite\\PatchWebsiteCode\\node_modules\\dset'
142 silly reify ]
143 silly reify mark retired [
143 silly reify   'C:\\Users\\LeahN\\Desktop\\PatchWeb\\PatchWebsite\\PatchWebsiteCode\\node_modules\\micromark-util-types'
143 silly reify ]
144 silly reify mark retired [
144 silly reify   'C:\\Users\\LeahN\\Desktop\\PatchWeb\\PatchWebsite\\PatchWebsiteCode\\node_modules\\nanoid'
144 silly reify ]
145 silly reify mark retired [
145 silly reify   'C:\\Users\\LeahN\\Desktop\\PatchWeb\\PatchWebsite\\PatchWebsiteCode\\node_modules\\node-fetch'
145 silly reify ]
146 silly reify mark retired [
146 silly reify   'C:\\Users\\LeahN\\Desktop\\PatchWeb\\PatchWebsite\\PatchWebsiteCode\\node_modules\\neotraverse'
146 silly reify ]
147 silly reify mark retired [
147 silly reify   'C:\\Users\\LeahN\\Desktop\\PatchWeb\\PatchWebsite\\PatchWebsiteCode\\node_modules\\html-escaper'
147 silly reify ]
148 silly reify mark retired [
148 silly reify   'C:\\Users\\LeahN\\Desktop\\PatchWeb\\PatchWebsite\\PatchWebsiteCode\\node_modules\\node-fetch-native'
148 silly reify ]
149 silly reify mark retired [
149 silly reify   'C:\\Users\\LeahN\\Desktop\\PatchWeb\\PatchWebsite\\PatchWebsiteCode\\node_modules\\node-mock-http'
149 silly reify ]
150 silly reify mark retired [
150 silly reify   'C:\\Users\\LeahN\\Desktop\\PatchWeb\\PatchWebsite\\PatchWebsiteCode\\node_modules\\ofetch'
150 silly reify ]
151 silly reify mark retired [
151 silly reify   'C:\\Users\\LeahN\\Desktop\\PatchWeb\\PatchWebsite\\PatchWebsiteCode\\node_modules\\ohash'
151 silly reify ]
152 silly reify mark retired [
152 silly reify   'C:\\Users\\LeahN\\Desktop\\PatchWeb\\PatchWebsite\\PatchWebsiteCode\\node_modules\\oniguruma-parser'
152 silly reify ]
153 silly reify mark retired [
153 silly reify   'C:\\Users\\LeahN\\Desktop\\PatchWeb\\PatchWebsite\\PatchWebsiteCode\\node_modules\\oniguruma-to-es'
153 silly reify ]
154 silly reify mark retired [
154 silly reify   'C:\\Users\\LeahN\\Desktop\\PatchWeb\\PatchWebsite\\PatchWebsiteCode\\node_modules\\p-limit'
154 silly reify ]
155 silly reify mark retired [
155 silly reify   'C:\\Users\\LeahN\\Desktop\\PatchWeb\\PatchWebsite\\PatchWebsiteCode\\node_modules\\p-queue'
155 silly reify ]
156 silly reify mark retired [
156 silly reify   'C:\\Users\\LeahN\\Desktop\\PatchWeb\\PatchWebsite\\PatchWebsiteCode\\node_modules\\pako'
156 silly reify ]
157 silly reify mark retired [
157 silly reify   'C:\\Users\\LeahN\\Desktop\\PatchWeb\\PatchWebsite\\PatchWebsiteCode\\node_modules\\package-manager-detector'
157 silly reify ]
158 silly reify mark retired [
158 silly reify   'C:\\Users\\LeahN\\Desktop\\PatchWeb\\PatchWebsite\\PatchWebsiteCode\\node_modules\\p-timeout'
158 silly reify ]
159 silly reify mark retired [
159 silly reify   'C:\\Users\\LeahN\\Desktop\\PatchWeb\\PatchWebsite\\PatchWebsiteCode\\node_modules\\parse-latin'
159 silly reify ]
160 silly reify mark retired [
160 silly reify   'C:\\Users\\LeahN\\Desktop\\PatchWeb\\PatchWebsite\\PatchWebsiteCode\\node_modules\\nlcst-to-string'
160 silly reify ]
161 silly reify mark retired [
161 silly reify   'C:\\Users\\LeahN\\Desktop\\PatchWeb\\PatchWebsite\\PatchWebsiteCode\\node_modules\\prismjs'
161 silly reify ]
162 silly reify mark retired [
162 silly reify   'C:\\Users\\LeahN\\Desktop\\PatchWeb\\PatchWebsite\\PatchWebsiteCode\\node_modules\\parse5'
162 silly reify ]
163 silly reify mark retired [
163 silly reify   'C:\\Users\\LeahN\\Desktop\\PatchWeb\\PatchWebsite\\PatchWebsiteCode\\node_modules\\prompts'
163 silly reify ]
164 silly reify mark retired [
164 silly reify   'C:\\Users\\LeahN\\Desktop\\PatchWeb\\PatchWebsite\\PatchWebsiteCode\\node_modules\\radix3'
164 silly reify ]
165 silly reify mark retired [
165 silly reify   'C:\\Users\\LeahN\\Desktop\\PatchWeb\\PatchWebsite\\PatchWebsiteCode\\node_modules\\property-information'
165 silly reify ]
166 silly reify mark retired [
166 silly reify   'C:\\Users\\LeahN\\Desktop\\PatchWeb\\PatchWebsite\\PatchWebsiteCode\\node_modules\\readdirp'
166 silly reify ]
167 silly reify mark retired [
167 silly reify   'C:\\Users\\LeahN\\Desktop\\PatchWeb\\PatchWebsite\\PatchWebsiteCode\\node_modules\\regex'
167 silly reify ]
168 silly reify mark retired [
168 silly reify   'C:\\Users\\LeahN\\Desktop\\PatchWeb\\PatchWebsite\\PatchWebsiteCode\\node_modules\\regex-recursion'
168 silly reify ]
169 silly reify mark retired [
169 silly reify   'C:\\Users\\LeahN\\Desktop\\PatchWeb\\PatchWebsite\\PatchWebsiteCode\\node_modules\\rehype'
169 silly reify ]
170 silly reify mark retired [
170 silly reify   'C:\\Users\\LeahN\\Desktop\\PatchWeb\\PatchWebsite\\PatchWebsiteCode\\node_modules\\rehype-parse'
170 silly reify ]
171 silly reify mark retired [
171 silly reify   'C:\\Users\\LeahN\\Desktop\\PatchWeb\\PatchWebsite\\PatchWebsiteCode\\node_modules\\regex-utilities'
171 silly reify ]
172 silly reify mark retired [
172 silly reify   'C:\\Users\\LeahN\\Desktop\\PatchWeb\\PatchWebsite\\PatchWebsiteCode\\node_modules\\rehype-raw'
172 silly reify ]
173 silly reify mark retired [
173 silly reify   'C:\\Users\\LeahN\\Desktop\\PatchWeb\\PatchWebsite\\PatchWebsiteCode\\node_modules\\remark-gfm'
173 silly reify ]
174 silly reify mark retired [
174 silly reify   'C:\\Users\\LeahN\\Desktop\\PatchWeb\\PatchWebsite\\PatchWebsiteCode\\node_modules\\remark-parse'
174 silly reify ]
175 silly reify mark retired [
175 silly reify   'C:\\Users\\LeahN\\Desktop\\PatchWeb\\PatchWebsite\\PatchWebsiteCode\\node_modules\\rehype-stringify'
175 silly reify ]
176 silly reify mark retired [
176 silly reify   'C:\\Users\\LeahN\\Desktop\\PatchWeb\\PatchWebsite\\PatchWebsiteCode\\node_modules\\remark-stringify'
176 silly reify ]
177 silly reify mark retired [
177 silly reify   'C:\\Users\\LeahN\\Desktop\\PatchWeb\\PatchWebsite\\PatchWebsiteCode\\node_modules\\remark-rehype'
177 silly reify ]
178 silly reify mark retired [
178 silly reify   'C:\\Users\\LeahN\\Desktop\\PatchWeb\\PatchWebsite\\PatchWebsiteCode\\node_modules\\remark-smartypants'
178 silly reify ]
179 silly reify mark retired [
179 silly reify   'C:\\Users\\LeahN\\Desktop\\PatchWeb\\PatchWebsite\\PatchWebsiteCode\\node_modules\\restructure'
179 silly reify ]
180 silly reify mark retired [
180 silly reify   'C:\\Users\\LeahN\\Desktop\\PatchWeb\\PatchWebsite\\PatchWebsiteCode\\node_modules\\retext'
180 silly reify ]
181 silly reify mark retired [
181 silly reify   'C:\\Users\\LeahN\\Desktop\\PatchWeb\\PatchWebsite\\PatchWebsiteCode\\node_modules\\retext-latin'
181 silly reify ]
182 silly reify mark retired [
182 silly reify   'C:\\Users\\LeahN\\Desktop\\PatchWeb\\PatchWebsite\\PatchWebsiteCode\\node_modules\\retext-smartypants'
182 silly reify ]
183 silly reify mark retired [
183 silly reify   'C:\\Users\\LeahN\\Desktop\\PatchWeb\\PatchWebsite\\PatchWebsiteCode\\node_modules\\retext-stringify'
183 silly reify ]
184 silly reify mark retired [
184 silly reify   'C:\\Users\\LeahN\\Desktop\\PatchWeb\\PatchWebsite\\PatchWebsiteCode\\node_modules\\rollup'
184 silly reify ]
185 silly reify mark retired [
185 silly reify   'C:\\Users\\LeahN\\Desktop\\PatchWeb\\PatchWebsite\\PatchWebsiteCode\\node_modules\\semver'
185 silly reify ]
186 silly reify mark retired [
186 silly reify   'C:\\Users\\LeahN\\Desktop\\PatchWeb\\PatchWebsite\\PatchWebsiteCode\\node_modules\\sharp'
186 silly reify ]
187 silly reify mark retired [
187 silly reify   'C:\\Users\\LeahN\\Desktop\\PatchWeb\\PatchWebsite\\PatchWebsiteCode\\node_modules\\shiki'
187 silly reify ]
188 silly reify mark retired [
188 silly reify   'C:\\Users\\LeahN\\Desktop\\PatchWeb\\PatchWebsite\\PatchWebsiteCode\\node_modules\\simple-swizzle'
188 silly reify ]
189 silly reify mark retired [
189 silly reify   'C:\\Users\\LeahN\\Desktop\\PatchWeb\\PatchWebsite\\PatchWebsiteCode\\node_modules\\smol-toml'
189 silly reify ]
190 silly reify mark retired [
190 silly reify   'C:\\Users\\LeahN\\Desktop\\PatchWeb\\PatchWebsite\\PatchWebsiteCode\\node_modules\\sisteransi'
190 silly reify ]
191 silly reify mark retired [
191 silly reify   'C:\\Users\\LeahN\\Desktop\\PatchWeb\\PatchWebsite\\PatchWebsiteCode\\node_modules\\space-separated-tokens'
191 silly reify ]
192 silly reify mark retired [
192 silly reify   'C:\\Users\\LeahN\\Desktop\\PatchWeb\\PatchWebsite\\PatchWebsiteCode\\node_modules\\string-width'
192 silly reify ]
193 silly reify mark retired [
193 silly reify   'C:\\Users\\LeahN\\Desktop\\PatchWeb\\PatchWebsite\\PatchWebsiteCode\\node_modules\\stringify-entities'
193 silly reify ]
194 silly reify mark retired [
194 silly reify   'C:\\Users\\LeahN\\Desktop\\PatchWeb\\PatchWebsite\\PatchWebsiteCode\\node_modules\\strip-ansi'
194 silly reify ]
195 silly reify mark retired [
195 silly reify   'C:\\Users\\LeahN\\Desktop\\PatchWeb\\PatchWebsite\\PatchWebsiteCode\\node_modules\\tiny-inflate'
195 silly reify ]
196 silly reify mark retired [
196 silly reify   'C:\\Users\\LeahN\\Desktop\\PatchWeb\\PatchWebsite\\PatchWebsiteCode\\node_modules\\tinyexec'
196 silly reify ]
197 silly reify mark retired [
197 silly reify   'C:\\Users\\LeahN\\Desktop\\PatchWeb\\PatchWebsite\\PatchWebsiteCode\\node_modules\\tinyglobby'
197 silly reify ]
198 silly reify mark retired [
198 silly reify   'C:\\Users\\LeahN\\Desktop\\PatchWeb\\PatchWebsite\\PatchWebsiteCode\\node_modules\\tr46'
198 silly reify ]
199 silly reify mark retired [
199 silly reify   'C:\\Users\\LeahN\\Desktop\\PatchWeb\\PatchWebsite\\PatchWebsiteCode\\node_modules\\trough'
199 silly reify ]
200 silly reify mark retired [
200 silly reify   'C:\\Users\\LeahN\\Desktop\\PatchWeb\\PatchWebsite\\PatchWebsiteCode\\node_modules\\trim-lines'
200 silly reify ]
201 silly reify mark retired [
201 silly reify   'C:\\Users\\LeahN\\Desktop\\PatchWeb\\PatchWebsite\\PatchWebsiteCode\\node_modules\\tsconfck'
201 silly reify ]
202 silly reify mark retired [
202 silly reify   'C:\\Users\\LeahN\\Desktop\\PatchWeb\\PatchWebsite\\PatchWebsiteCode\\node_modules\\type-fest'
202 silly reify ]
203 silly reify mark retired [
203 silly reify   'C:\\Users\\LeahN\\Desktop\\PatchWeb\\PatchWebsite\\PatchWebsiteCode\\node_modules\\typescript'
203 silly reify ]
204 silly reify mark retired [
204 silly reify   'C:\\Users\\LeahN\\Desktop\\PatchWeb\\PatchWebsite\\PatchWebsiteCode\\node_modules\\ufo'
204 silly reify ]
205 silly reify mark retired [
205 silly reify   'C:\\Users\\LeahN\\Desktop\\PatchWeb\\PatchWebsite\\PatchWebsiteCode\\node_modules\\ultrahtml'
205 silly reify ]
206 silly reify mark retired [
206 silly reify   'C:\\Users\\LeahN\\Desktop\\PatchWeb\\PatchWebsite\\PatchWebsiteCode\\node_modules\\undici-types'
206 silly reify ]
207 silly reify mark retired [
207 silly reify   'C:\\Users\\LeahN\\Desktop\\PatchWeb\\PatchWebsite\\PatchWebsiteCode\\node_modules\\unicode-properties'
207 silly reify ]
208 silly reify mark retired [
208 silly reify   'C:\\Users\\LeahN\\Desktop\\PatchWeb\\PatchWebsite\\PatchWebsiteCode\\node_modules\\unicode-trie'
208 silly reify ]
209 silly reify mark retired [
209 silly reify   'C:\\Users\\LeahN\\Desktop\\PatchWeb\\PatchWebsite\\PatchWebsiteCode\\node_modules\\unified'
209 silly reify ]
210 silly reify mark retired [
210 silly reify   'C:\\Users\\LeahN\\Desktop\\PatchWeb\\PatchWebsite\\PatchWebsiteCode\\node_modules\\uncrypto'
210 silly reify ]
211 silly reify mark retired [
211 silly reify   'C:\\Users\\LeahN\\Desktop\\PatchWeb\\PatchWebsite\\PatchWebsiteCode\\node_modules\\unifont'
211 silly reify ]
212 silly reify mark retired [
212 silly reify   'C:\\Users\\LeahN\\Desktop\\PatchWeb\\PatchWebsite\\PatchWebsiteCode\\node_modules\\unist-util-find-after'
212 silly reify ]
213 silly reify mark retired [
213 silly reify   'C:\\Users\\LeahN\\Desktop\\PatchWeb\\PatchWebsite\\PatchWebsiteCode\\node_modules\\unist-util-is'
213 silly reify ]
214 silly reify mark retired [
214 silly reify   'C:\\Users\\LeahN\\Desktop\\PatchWeb\\PatchWebsite\\PatchWebsiteCode\\node_modules\\unist-util-position'
214 silly reify ]
215 silly reify mark retired [
215 silly reify   'C:\\Users\\LeahN\\Desktop\\PatchWeb\\PatchWebsite\\PatchWebsiteCode\\node_modules\\unist-util-remove-position'
215 silly reify ]
216 silly reify mark retired [
216 silly reify   'C:\\Users\\LeahN\\Desktop\\PatchWeb\\PatchWebsite\\PatchWebsiteCode\\node_modules\\unist-util-stringify-position'
216 silly reify ]
217 silly reify mark retired [
217 silly reify   'C:\\Users\\LeahN\\Desktop\\PatchWeb\\PatchWebsite\\PatchWebsiteCode\\node_modules\\unist-util-visit'
217 silly reify ]
218 silly reify mark retired [
218 silly reify   'C:\\Users\\LeahN\\Desktop\\PatchWeb\\PatchWebsite\\PatchWebsiteCode\\node_modules\\unist-util-modify-children'
218 silly reify ]
219 silly reify mark retired [
219 silly reify   'C:\\Users\\LeahN\\Desktop\\PatchWeb\\PatchWebsite\\PatchWebsiteCode\\node_modules\\unist-util-visit-children'
219 silly reify ]
220 silly reify mark retired [
220 silly reify   'C:\\Users\\LeahN\\Desktop\\PatchWeb\\PatchWebsite\\PatchWebsiteCode\\node_modules\\vfile'
220 silly reify ]
221 silly reify mark retired [
221 silly reify   'C:\\Users\\LeahN\\Desktop\\PatchWeb\\PatchWebsite\\PatchWebsiteCode\\node_modules\\unstorage'
221 silly reify ]
222 silly reify mark retired [
222 silly reify   'C:\\Users\\LeahN\\Desktop\\PatchWeb\\PatchWebsite\\PatchWebsiteCode\\node_modules\\unist-util-visit-parents'
222 silly reify ]
223 silly reify mark retired [
223 silly reify   'C:\\Users\\LeahN\\Desktop\\PatchWeb\\PatchWebsite\\PatchWebsiteCode\\node_modules\\vfile-location'
223 silly reify ]
224 silly reify mark retired [
224 silly reify   'C:\\Users\\LeahN\\Desktop\\PatchWeb\\PatchWebsite\\PatchWebsiteCode\\node_modules\\vfile-message'
224 silly reify ]
225 silly reify mark retired [
225 silly reify   'C:\\Users\\LeahN\\Desktop\\PatchWeb\\PatchWebsite\\PatchWebsiteCode\\node_modules\\vite'
225 silly reify ]
226 silly reify mark retired [
226 silly reify   'C:\\Users\\LeahN\\Desktop\\PatchWeb\\PatchWebsite\\PatchWebsiteCode\\node_modules\\vitefu'
226 silly reify ]
227 silly reify mark retired [
227 silly reify   'C:\\Users\\LeahN\\Desktop\\PatchWeb\\PatchWebsite\\PatchWebsiteCode\\node_modules\\web-namespaces'
227 silly reify ]
228 silly reify mark retired [
228 silly reify   'C:\\Users\\LeahN\\Desktop\\PatchWeb\\PatchWebsite\\PatchWebsiteCode\\node_modules\\webidl-conversions'
228 silly reify ]
229 silly reify mark retired [
229 silly reify   'C:\\Users\\LeahN\\Desktop\\PatchWeb\\PatchWebsite\\PatchWebsiteCode\\node_modules\\whatwg-url'
229 silly reify ]
230 silly reify mark retired [
230 silly reify   'C:\\Users\\LeahN\\Desktop\\PatchWeb\\PatchWebsite\\PatchWebsiteCode\\node_modules\\which-pm-runs'
230 silly reify ]
231 silly reify mark retired [
231 silly reify   'C:\\Users\\LeahN\\Desktop\\PatchWeb\\PatchWebsite\\PatchWebsiteCode\\node_modules\\widest-line'
231 silly reify ]
232 silly reify mark retired [
232 silly reify   'C:\\Users\\LeahN\\Desktop\\PatchWeb\\PatchWebsite\\PatchWebsiteCode\\node_modules\\wrap-ansi'
232 silly reify ]
233 silly reify mark retired [
233 silly reify   'C:\\Users\\LeahN\\Desktop\\PatchWeb\\PatchWebsite\\PatchWebsiteCode\\node_modules\\xxhash-wasm'
233 silly reify ]
234 silly reify mark retired [
234 silly reify   'C:\\Users\\LeahN\\Desktop\\PatchWeb\\PatchWebsite\\PatchWebsiteCode\\node_modules\\yargs-parser'
234 silly reify ]
235 silly reify mark retired [
235 silly reify   'C:\\Users\\LeahN\\Desktop\\PatchWeb\\PatchWebsite\\PatchWebsiteCode\\node_modules\\yocto-queue'
235 silly reify ]
236 silly reify mark retired [
236 silly reify   'C:\\Users\\LeahN\\Desktop\\PatchWeb\\PatchWebsite\\PatchWebsiteCode\\node_modules\\yocto-spinner'
236 silly reify ]
237 silly reify mark retired [
237 silly reify   'C:\\Users\\LeahN\\Desktop\\PatchWeb\\PatchWebsite\\PatchWebsiteCode\\node_modules\\yoctocolors'
237 silly reify ]
238 silly reify mark retired [
238 silly reify   'C:\\Users\\LeahN\\Desktop\\PatchWeb\\PatchWebsite\\PatchWebsiteCode\\node_modules\\zod-to-json-schema'
238 silly reify ]
239 silly reify mark retired [
239 silly reify   'C:\\Users\\LeahN\\Desktop\\PatchWeb\\PatchWebsite\\PatchWebsiteCode\\node_modules\\zod'
239 silly reify ]
240 silly reify mark retired [
240 silly reify   'C:\\Users\\LeahN\\Desktop\\PatchWeb\\PatchWebsite\\PatchWebsiteCode\\node_modules\\zod-to-ts'
240 silly reify ]
241 silly reify mark retired [
241 silly reify   'C:\\Users\\LeahN\\Desktop\\PatchWeb\\PatchWebsite\\PatchWebsiteCode\\node_modules\\zwitch'
241 silly reify ]
242 silly reify mark retired [
242 silly reify   'C:\\Users\\LeahN\\Desktop\\PatchWeb\\PatchWebsite\\PatchWebsiteCode\\node_modules\\@astrojs\\compiler'
242 silly reify ]
243 silly reify mark retired [
243 silly reify   'C:\\Users\\LeahN\\Desktop\\PatchWeb\\PatchWebsite\\PatchWebsiteCode\\node_modules\\@astrojs\\internal-helpers'
243 silly reify ]
244 silly reify mark retired [
244 silly reify   'C:\\Users\\LeahN\\Desktop\\PatchWeb\\PatchWebsite\\PatchWebsiteCode\\node_modules\\@astrojs\\markdown-remark'
244 silly reify ]
245 silly reify mark retired [
245 silly reify   'C:\\Users\\LeahN\\Desktop\\PatchWeb\\PatchWebsite\\PatchWebsiteCode\\node_modules\\@astrojs\\telemetry'
245 silly reify ]
246 silly reify mark retired [
246 silly reify   'C:\\Users\\LeahN\\Desktop\\PatchWeb\\PatchWebsite\\PatchWebsiteCode\\node_modules\\@astrojs\\prism'
246 silly reify ]
247 silly reify mark retired [
247 silly reify   'C:\\Users\\LeahN\\Desktop\\PatchWeb\\PatchWebsite\\PatchWebsiteCode\\node_modules\\@babel\\helper-validator-identifier'
247 silly reify ]
248 silly reify mark retired [
248 silly reify   'C:\\Users\\LeahN\\Desktop\\PatchWeb\\PatchWebsite\\PatchWebsiteCode\\node_modules\\@babel\\parser'
248 silly reify ]
249 silly reify mark retired [
249 silly reify   'C:\\Users\\LeahN\\Desktop\\PatchWeb\\PatchWebsite\\PatchWebsiteCode\\node_modules\\@babel\\types'
249 silly reify ]
250 silly reify mark retired [
250 silly reify   'C:\\Users\\LeahN\\Desktop\\PatchWeb\\PatchWebsite\\PatchWebsiteCode\\node_modules\\@capsizecss\\unpack'
250 silly reify ]
251 silly reify mark retired [
251 silly reify   'C:\\Users\\LeahN\\Desktop\\PatchWeb\\PatchWebsite\\PatchWebsiteCode\\node_modules\\@esbuild\\win32-x64'
251 silly reify ]
252 silly reify mark retired [
252 silly reify   'C:\\Users\\LeahN\\Desktop\\PatchWeb\\PatchWebsite\\PatchWebsiteCode\\node_modules\\@img\\sharp-win32-x64'
252 silly reify ]
253 silly reify mark retired [
253 silly reify   'C:\\Users\\LeahN\\Desktop\\PatchWeb\\PatchWebsite\\PatchWebsiteCode\\node_modules\\@jridgewell\\sourcemap-codec'
253 silly reify ]
254 silly reify mark retired [
254 silly reify   'C:\\Users\\LeahN\\Desktop\\PatchWeb\\PatchWebsite\\PatchWebsiteCode\\node_modules\\@oslojs\\encoding'
254 silly reify ]
255 silly reify mark retired [
255 silly reify   'C:\\Users\\LeahN\\Desktop\\PatchWeb\\PatchWebsite\\PatchWebsiteCode\\node_modules\\@rollup\\pluginutils'
255 silly reify ]
256 silly reify mark retired [
256 silly reify   'C:\\Users\\LeahN\\Desktop\\PatchWeb\\PatchWebsite\\PatchWebsiteCode\\node_modules\\@rollup\\rollup-win32-x64-msvc'
256 silly reify ]
257 silly reify mark retired [
257 silly reify   'C:\\Users\\LeahN\\Desktop\\PatchWeb\\PatchWebsite\\PatchWebsiteCode\\node_modules\\@shikijs\\core'
257 silly reify ]
258 silly reify mark retired [
258 silly reify   'C:\\Users\\LeahN\\Desktop\\PatchWeb\\PatchWebsite\\PatchWebsiteCode\\node_modules\\@shikijs\\engine-javascript'
258 silly reify ]
259 silly reify mark retired [
259 silly reify   'C:\\Users\\LeahN\\Desktop\\PatchWeb\\PatchWebsite\\PatchWebsiteCode\\node_modules\\@shikijs\\engine-oniguruma'
259 silly reify ]
260 silly reify mark retired [
260 silly reify   'C:\\Users\\LeahN\\Desktop\\PatchWeb\\PatchWebsite\\PatchWebsiteCode\\node_modules\\@shikijs\\langs'
260 silly reify ]
261 silly reify mark retired [
261 silly reify   'C:\\Users\\LeahN\\Desktop\\PatchWeb\\PatchWebsite\\PatchWebsiteCode\\node_modules\\@shikijs\\themes'
261 silly reify ]
262 silly reify mark retired [
262 silly reify   'C:\\Users\\LeahN\\Desktop\\PatchWeb\\PatchWebsite\\PatchWebsiteCode\\node_modules\\@shikijs\\vscode-textmate'
262 silly reify ]
263 silly reify mark retired [
263 silly reify   'C:\\Users\\LeahN\\Desktop\\PatchWeb\\PatchWebsite\\PatchWebsiteCode\\node_modules\\@swc\\helpers'
263 silly reify ]
264 silly reify mark retired [
264 silly reify   'C:\\Users\\LeahN\\Desktop\\PatchWeb\\PatchWebsite\\PatchWebsiteCode\\node_modules\\@shikijs\\types'
264 silly reify ]
265 silly reify mark retired [
265 silly reify   'C:\\Users\\LeahN\\Desktop\\PatchWeb\\PatchWebsite\\PatchWebsiteCode\\node_modules\\@types\\debug'
265 silly reify ]
266 silly reify mark retired [
266 silly reify   'C:\\Users\\LeahN\\Desktop\\PatchWeb\\PatchWebsite\\PatchWebsiteCode\\node_modules\\@types\\fontkit'
266 silly reify ]
267 silly reify mark retired [
267 silly reify   'C:\\Users\\LeahN\\Desktop\\PatchWeb\\PatchWebsite\\PatchWebsiteCode\\node_modules\\@types\\hast'
267 silly reify ]
268 silly reify mark retired [
268 silly reify   'C:\\Users\\LeahN\\Desktop\\PatchWeb\\PatchWebsite\\PatchWebsiteCode\\node_modules\\@types\\mdast'
268 silly reify ]
269 silly reify mark retired [
269 silly reify   'C:\\Users\\LeahN\\Desktop\\PatchWeb\\PatchWebsite\\PatchWebsiteCode\\node_modules\\@types\\ms'
269 silly reify ]
270 silly reify mark retired [
270 silly reify   'C:\\Users\\LeahN\\Desktop\\PatchWeb\\PatchWebsite\\PatchWebsiteCode\\node_modules\\@types\\nlcst'
270 silly reify ]
271 silly reify mark retired [
271 silly reify   'C:\\Users\\LeahN\\Desktop\\PatchWeb\\PatchWebsite\\PatchWebsiteCode\\node_modules\\@types\\node'
271 silly reify ]
272 silly reify mark retired [
272 silly reify   'C:\\Users\\LeahN\\Desktop\\PatchWeb\\PatchWebsite\\PatchWebsiteCode\\node_modules\\@types\\unist'
272 silly reify ]
273 silly reify mark retired [
273 silly reify   'C:\\Users\\LeahN\\Desktop\\PatchWeb\\PatchWebsite\\PatchWebsiteCode\\node_modules\\@ungap\\structured-clone'
273 silly reify ]
274 silly reify mark retired [
274 silly reify   'C:\\Users\\LeahN\\Desktop\\PatchWeb\\PatchWebsite\\PatchWebsiteCode\\node_modules\\anymatch\\node_modules\\picomatch'
274 silly reify ]
275 silly reify moves {
275 silly reify   'C:\\Users\\LeahN\\Desktop\\PatchWeb\\PatchWebsite\\PatchWebsiteCode\\node_modules\\acorn': 'C:\\Users\\LeahN\\Desktop\\PatchWeb\\PatchWebsite\\PatchWebsiteCode\\node_modules\\.acorn-yDgxLmZI',
275 silly reify   'C:\\Users\\LeahN\\Desktop\\PatchWeb\\PatchWebsite\\PatchWebsiteCode\\node_modules\\ansi-align': 'C:\\Users\\LeahN\\Desktop\\PatchWeb\\PatchWebsite\\PatchWebsiteCode\\node_modules\\.ansi-align-IL6lQJ7F',
275 silly reify   'C:\\Users\\LeahN\\Desktop\\PatchWeb\\PatchWebsite\\PatchWebsiteCode\\node_modules\\ansi-regex': 'C:\\Users\\LeahN\\Desktop\\PatchWeb\\PatchWebsite\\PatchWebsiteCode\\node_modules\\.ansi-regex-bRiofzbB',
275 silly reify   'C:\\Users\\LeahN\\Desktop\\PatchWeb\\PatchWebsite\\PatchWebsiteCode\\node_modules\\ansi-styles': 'C:\\Users\\LeahN\\Desktop\\PatchWeb\\PatchWebsite\\PatchWebsiteCode\\node_modules\\.ansi-styles-nnvfEEX1',
275 silly reify   'C:\\Users\\LeahN\\Desktop\\PatchWeb\\PatchWebsite\\PatchWebsiteCode\\node_modules\\array-iterate': 'C:\\Users\\LeahN\\Desktop\\PatchWeb\\PatchWebsite\\PatchWebsiteCode\\node_modules\\.array-iterate-gTB0eBaj',
275 silly reify   'C:\\Users\\LeahN\\Desktop\\PatchWeb\\PatchWebsite\\PatchWebsiteCode\\node_modules\\astro': 'C:\\Users\\LeahN\\Desktop\\PatchWeb\\PatchWebsite\\PatchWebsiteCode\\node_modules\\.astro-Dnjbe878',
275 silly reify   'C:\\Users\\LeahN\\Desktop\\PatchWeb\\PatchWebsite\\PatchWebsiteCode\\node_modules\\base-64': 'C:\\Users\\LeahN\\Desktop\\PatchWeb\\PatchWebsite\\PatchWebsiteCode\\node_modules\\.base-64-1opfTbh8',
275 silly reify   'C:\\Users\\LeahN\\Desktop\\PatchWeb\\PatchWebsite\\PatchWebsiteCode\\node_modules\\base64-js': 'C:\\Users\\LeahN\\Desktop\\PatchWeb\\PatchWebsite\\PatchWebsiteCode\\node_modules\\.base64-js-IRSegJ1K',
275 silly reify   'C:\\Users\\LeahN\\Desktop\\PatchWeb\\PatchWebsite\\PatchWebsiteCode\\node_modules\\bail': 'C:\\Users\\LeahN\\Desktop\\PatchWeb\\PatchWebsite\\PatchWebsiteCode\\node_modules\\.bail-fyC8bGM8',
275 silly reify   'C:\\Users\\LeahN\\Desktop\\PatchWeb\\PatchWebsite\\PatchWebsiteCode\\node_modules\\blob-to-buffer': 'C:\\Users\\LeahN\\Desktop\\PatchWeb\\PatchWebsite\\PatchWebsiteCode\\node_modules\\.blob-to-buffer-MN7Ryjm8',
275 silly reify   'C:\\Users\\LeahN\\Desktop\\PatchWeb\\PatchWebsite\\PatchWebsiteCode\\node_modules\\brotli': 'C:\\Users\\LeahN\\Desktop\\PatchWeb\\PatchWebsite\\PatchWebsiteCode\\node_modules\\.brotli-ofk8rBGA',
275 silly reify   'C:\\Users\\LeahN\\Desktop\\PatchWeb\\PatchWebsite\\PatchWebsiteCode\\node_modules\\camelcase': 'C:\\Users\\LeahN\\Desktop\\PatchWeb\\PatchWebsite\\PatchWebsiteCode\\node_modules\\.camelcase-RJ1ptlg1',
275 silly reify   'C:\\Users\\LeahN\\Desktop\\PatchWeb\\PatchWebsite\\PatchWebsiteCode\\node_modules\\boxen': 'C:\\Users\\LeahN\\Desktop\\PatchWeb\\PatchWebsite\\PatchWebsiteCode\\node_modules\\.boxen-Y9OXIk9B',
275 silly reify   'C:\\Users\\LeahN\\Desktop\\PatchWeb\\PatchWebsite\\PatchWebsiteCode\\node_modules\\chalk': 'C:\\Users\\LeahN\\Desktop\\PatchWeb\\PatchWebsite\\PatchWebsiteCode\\node_modules\\.chalk-aQj85xcG',
275 silly reify   'C:\\Users\\LeahN\\Desktop\\PatchWeb\\PatchWebsite\\PatchWebsiteCode\\node_modules\\character-entities-html4': 'C:\\Users\\LeahN\\Desktop\\PatchWeb\\PatchWebsite\\PatchWebsiteCode\\node_modules\\.character-entities-html4-QagMC6nE',
275 silly reify   'C:\\Users\\LeahN\\Desktop\\PatchWeb\\PatchWebsite\\PatchWebsiteCode\\node_modules\\ccount': 'C:\\Users\\LeahN\\Desktop\\PatchWeb\\PatchWebsite\\PatchWebsiteCode\\node_modules\\.ccount-tgqY8YdU',
275 silly reify   'C:\\Users\\LeahN\\Desktop\\PatchWeb\\PatchWebsite\\PatchWebsiteCode\\node_modules\\character-entities': 'C:\\Users\\LeahN\\Desktop\\PatchWeb\\PatchWebsite\\PatchWebsiteCode\\node_modules\\.character-entities-TTrbHeIF',
275 silly reify   'C:\\Users\\LeahN\\Desktop\\PatchWeb\\PatchWebsite\\PatchWebsiteCode\\node_modules\\character-entities-legacy': 'C:\\Users\\LeahN\\Desktop\\PatchWeb\\PatchWebsite\\PatchWebsiteCode\\node_modules\\.character-entities-legacy-dCgu0GgK',
275 silly reify   'C:\\Users\\LeahN\\Desktop\\PatchWeb\\PatchWebsite\\PatchWebsiteCode\\node_modules\\chokidar': 'C:\\Users\\LeahN\\Desktop\\PatchWeb\\PatchWebsite\\PatchWebsiteCode\\node_modules\\.chokidar-VIPqc5gt',
275 silly reify   'C:\\Users\\LeahN\\Desktop\\PatchWeb\\PatchWebsite\\PatchWebsiteCode\\node_modules\\ci-info': 'C:\\Users\\LeahN\\Desktop\\PatchWeb\\PatchWebsite\\PatchWebsiteCode\\node_modules\\.ci-info-iQU3napS',
275 silly reify   'C:\\Users\\LeahN\\Desktop\\PatchWeb\\PatchWebsite\\PatchWebsiteCode\\node_modules\\cli-boxes': 'C:\\Users\\LeahN\\Desktop\\PatchWeb\\PatchWebsite\\PatchWebsiteCode\\node_modules\\.cli-boxes-UHTV40xQ',
275 silly reify   'C:\\Users\\LeahN\\Desktop\\PatchWeb\\PatchWebsite\\PatchWebsiteCode\\node_modules\\clone': 'C:\\Users\\LeahN\\Desktop\\PatchWeb\\PatchWebsite\\PatchWebsiteCode\\node_modules\\.clone-NTtNPuwL',
275 silly reify   'C:\\Users\\LeahN\\Desktop\\PatchWeb\\PatchWebsite\\PatchWebsiteCode\\node_modules\\clsx': 'C:\\Users\\LeahN\\Desktop\\PatchWeb\\PatchWebsite\\PatchWebsiteCode\\node_modules\\.clsx-t22wWcxE',
275 silly reify   'C:\\Users\\LeahN\\Desktop\\PatchWeb\\PatchWebsite\\PatchWebsiteCode\\node_modules\\color': 'C:\\Users\\LeahN\\Desktop\\PatchWeb\\PatchWebsite\\PatchWebsiteCode\\node_modules\\.color-4NubUHfB',
275 silly reify   'C:\\Users\\LeahN\\Desktop\\PatchWeb\\PatchWebsite\\PatchWebsiteCode\\node_modules\\color-string': 'C:\\Users\\LeahN\\Desktop\\PatchWeb\\PatchWebsite\\PatchWebsiteCode\\node_modules\\.color-string-Ahs1gIgr',
275 silly reify   'C:\\Users\\LeahN\\Desktop\\PatchWeb\\PatchWebsite\\PatchWebsiteCode\\node_modules\\common-ancestor-path': 'C:\\Users\\LeahN\\Desktop\\PatchWeb\\PatchWebsite\\PatchWebsiteCode\\node_modules\\.common-ancestor-path-gcTCQKhG',
275 silly reify   'C:\\Users\\LeahN\\Desktop\\PatchWeb\\PatchWebsite\\PatchWebsiteCode\\node_modules\\cookie-es': 'C:\\Users\\LeahN\\Desktop\\PatchWeb\\PatchWebsite\\PatchWebsiteCode\\node_modules\\.cookie-es-TmThZYsI',
275 silly reify   'C:\\Users\\LeahN\\Desktop\\PatchWeb\\PatchWebsite\\PatchWebsiteCode\\node_modules\\cookie': 'C:\\Users\\LeahN\\Desktop\\PatchWeb\\PatchWebsite\\PatchWebsiteCode\\node_modules\\.cookie-zy2Lgv7f',
275 silly reify   'C:\\Users\\LeahN\\Desktop\\PatchWeb\\PatchWebsite\\PatchWebsiteCode\\node_modules\\comma-separated-tokens': 'C:\\Users\\LeahN\\Desktop\\PatchWeb\\PatchWebsite\\PatchWebsiteCode\\node_modules\\.comma-separated-tokens-bnq5GXxk',
275 silly reify   'C:\\Users\\LeahN\\Desktop\\PatchWeb\\PatchWebsite\\PatchWebsiteCode\\node_modules\\crossws': 'C:\\Users\\LeahN\\Desktop\\PatchWeb\\PatchWebsite\\PatchWebsiteCode\\node_modules\\.crossws-Qnv4EyuV',
275 silly reify   'C:\\Users\\LeahN\\Desktop\\PatchWeb\\PatchWebsite\\PatchWebsiteCode\\node_modules\\cross-fetch': 'C:\\Users\\LeahN\\Desktop\\PatchWeb\\PatchWebsite\\PatchWebsiteCode\\node_modules\\.cross-fetch-56CU0zKQ',
275 silly reify   'C:\\Users\\LeahN\\Desktop\\PatchWeb\\PatchWebsite\\PatchWebsiteCode\\node_modules\\css-tree': 'C:\\Users\\LeahN\\Desktop\\PatchWeb\\PatchWebsite\\PatchWebsiteCode\\node_modules\\.css-tree-OgqHhYV3',
275 silly reify   'C:\\Users\\LeahN\\Desktop\\PatchWeb\\PatchWebsite\\PatchWebsiteCode\\node_modules\\debug': 'C:\\Users\\LeahN\\Desktop\\PatchWeb\\PatchWebsite\\PatchWebsiteCode\\node_modules\\.debug-R5ew3Oja',
275 silly reify   'C:\\Users\\LeahN\\Desktop\\PatchWeb\\PatchWebsite\\PatchWebsiteCode\\node_modules\\cssesc': 'C:\\Users\\LeahN\\Desktop\\PatchWeb\\PatchWebsite\\PatchWebsiteCode\\node_modules\\.cssesc-WslIzv14',
275 silly reify   'C:\\Users\\LeahN\\Desktop\\PatchWeb\\PatchWebsite\\PatchWebsiteCode\\node_modules\\defu': 'C:\\Users\\LeahN\\Desktop\\PatchWeb\\PatchWebsite\\PatchWebsiteCode\\node_modules\\.defu-weNhp0CK',
275 silly reify   'C:\\Users\\LeahN\\Desktop\\PatchWeb\\PatchWebsite\\PatchWebsiteCode\\node_modules\\decode-named-character-reference': 'C:\\Users\\LeahN\\Desktop\\PatchWeb\\PatchWebsite\\PatchWebsiteCode\\node_modules\\.decode-named-character-reference-H9izMC8e',
275 silly reify   'C:\\Users\\LeahN\\Desktop\\PatchWeb\\PatchWebsite\\PatchWebsiteCode\\node_modules\\dequal': 'C:\\Users\\LeahN\\Desktop\\PatchWeb\\PatchWebsite\\PatchWebsiteCode\\node_modules\\.dequal-JxZCTE4M',
275 silly reify   'C:\\Users\\LeahN\\Desktop\\PatchWeb\\PatchWebsite\\PatchWebsiteCode\\node_modules\\destr': 'C:\\Users\\LeahN\\Desktop\\PatchWeb\\PatchWebsite\\PatchWebsiteCode\\node_modules\\.destr-BpAMJPXo',
275 silly reify   'C:\\Users\\LeahN\\Desktop\\PatchWeb\\PatchWebsite\\PatchWebsiteCode\\node_modules\\detect-libc': 'C:\\Users\\LeahN\\Desktop\\PatchWeb\\PatchWebsite\\PatchWebsiteCode\\node_modules\\.detect-libc-cGagHw5N',
275 silly reify   'C:\\Users\\LeahN\\Desktop\\PatchWeb\\PatchWebsite\\PatchWebsiteCode\\node_modules\\deterministic-object-hash': 'C:\\Users\\LeahN\\Desktop\\PatchWeb\\PatchWebsite\\PatchWebsiteCode\\node_modules\\.deterministic-object-hash-gycauYwp',
275 silly reify   'C:\\Users\\LeahN\\Desktop\\PatchWeb\\PatchWebsite\\PatchWebsiteCode\\node_modules\\devalue': 'C:\\Users\\LeahN\\Desktop\\PatchWeb\\PatchWebsite\\PatchWebsiteCode\\node_modules\\.devalue-YIVCR31z',
275 silly reify   'C:\\Users\\LeahN\\Desktop\\PatchWeb\\PatchWebsite\\PatchWebsiteCode\\node_modules\\dfa': 'C:\\Users\\LeahN\\Desktop\\PatchWeb\\PatchWebsite\\PatchWebsiteCode\\node_modules\\.dfa-dSLK8qy7',
275 silly reify   'C:\\Users\\LeahN\\Desktop\\PatchWeb\\PatchWebsite\\PatchWebsiteCode\\node_modules\\devlop': 'C:\\Users\\LeahN\\Desktop\\PatchWeb\\PatchWebsite\\PatchWebsiteCode\\node_modules\\.devlop-gtmBixvt',
275 silly reify   'C:\\Users\\LeahN\\Desktop\\PatchWeb\\PatchWebsite\\PatchWebsiteCode\\node_modules\\diff': 'C:\\Users\\LeahN\\Desktop\\PatchWeb\\PatchWebsite\\PatchWebsiteCode\\node_modules\\.diff-EGQDv29G',
275 silly reify   'C:\\Users\\LeahN\\Desktop\\PatchWeb\\PatchWebsite\\PatchWebsiteCode\\node_modules\\emoji-regex': 'C:\\Users\\LeahN\\Desktop\\PatchWeb\\PatchWebsite\\PatchWebsiteCode\\node_modules\\.emoji-regex-AzQfVPN5',
275 silly reify   'C:\\Users\\LeahN\\Desktop\\PatchWeb\\PatchWebsite\\PatchWebsiteCode\\node_modules\\entities': 'C:\\Users\\LeahN\\Desktop\\PatchWeb\\PatchWebsite\\PatchWebsiteCode\\node_modules\\.entities-UhjolbWX',
275 silly reify   'C:\\Users\\LeahN\\Desktop\\PatchWeb\\PatchWebsite\\PatchWebsiteCode\\node_modules\\es-module-lexer': 'C:\\Users\\LeahN\\Desktop\\PatchWeb\\PatchWebsite\\PatchWebsiteCode\\node_modules\\.es-module-lexer-wrzdm9eZ',
275 silly reify   'C:\\Users\\LeahN\\Desktop\\PatchWeb\\PatchWebsite\\PatchWebsiteCode\\node_modules\\esbuild': 'C:\\Users\\LeahN\\Desktop\\PatchWeb\\PatchWebsite\\PatchWebsiteCode\\node_modules\\.esbuild-lIrS1mKD',
275 silly reify   'C:\\Users\\LeahN\\Desktop\\PatchWeb\\PatchWebsite\\PatchWebsiteCode\\node_modules\\escape-string-regexp': 'C:\\Users\\LeahN\\Desktop\\PatchWeb\\PatchWebsite\\PatchWebsiteCode\\node_modules\\.escape-string-regexp-c1neKmaU',
275 silly reify   'C:\\Users\\LeahN\\Desktop\\PatchWeb\\PatchWebsite\\PatchWebsiteCode\\node_modules\\eventemitter3': 'C:\\Users\\LeahN\\Desktop\\PatchWeb\\PatchWebsite\\PatchWebsiteCode\\node_modules\\.eventemitter3-15g3we1q',
275 silly reify   'C:\\Users\\LeahN\\Desktop\\PatchWeb\\PatchWebsite\\PatchWebsiteCode\\node_modules\\estree-walker': 'C:\\Users\\LeahN\\Desktop\\PatchWeb\\PatchWebsite\\PatchWebsiteCode\\node_modules\\.estree-walker-16OQCc1B',
275 silly reify   'C:\\Users\\LeahN\\Desktop\\PatchWeb\\PatchWebsite\\PatchWebsiteCode\\node_modules\\extend': 'C:\\Users\\LeahN\\Desktop\\PatchWeb\\PatchWebsite\\PatchWebsiteCode\\node_modules\\.extend-bFdwMpxW',
275 silly reify   'C:\\Users\\LeahN\\Desktop\\PatchWeb\\PatchWebsite\\PatchWebsiteCode\\node_modules\\fdir': 'C:\\Users\\LeahN\\Desktop\\PatchWeb\\PatchWebsite\\PatchWebsiteCode\\node_modules\\.fdir-hwOGTsrQ',
275 silly reify   'C:\\Users\\LeahN\\Desktop\\PatchWeb\\PatchWebsite\\PatchWebsiteCode\\node_modules\\flattie': 'C:\\Users\\LeahN\\Desktop\\PatchWeb\\PatchWebsite\\PatchWebsiteCode\\node_modules\\.flattie-Xz5VzRQP',
275 silly reify   'C:\\Users\\LeahN\\Desktop\\PatchWeb\\PatchWebsite\\PatchWebsiteCode\\node_modules\\fontace': 'C:\\Users\\LeahN\\Desktop\\PatchWeb\\PatchWebsite\\PatchWebsiteCode\\node_modules\\.fontace-QkMAmyet',
275 silly reify   'C:\\Users\\LeahN\\Desktop\\PatchWeb\\PatchWebsite\\PatchWebsiteCode\\node_modules\\fontkit': 'C:\\Users\\LeahN\\Desktop\\PatchWeb\\PatchWebsite\\PatchWebsiteCode\\node_modules\\.fontkit-d0chYBPW',
275 silly reify   'C:\\Users\\LeahN\\Desktop\\PatchWeb\\PatchWebsite\\PatchWebsiteCode\\node_modules\\github-slugger': 'C:\\Users\\LeahN\\Desktop\\PatchWeb\\PatchWebsite\\PatchWebsiteCode\\node_modules\\.github-slugger-U177CLWF',
275 silly reify   'C:\\Users\\LeahN\\Desktop\\PatchWeb\\PatchWebsite\\PatchWebsiteCode\\node_modules\\get-east-asian-width': 'C:\\Users\\LeahN\\Desktop\\PatchWeb\\PatchWebsite\\PatchWebsiteCode\\node_modules\\.get-east-asian-width-W2huw5Cm',
275 silly reify   'C:\\Users\\LeahN\\Desktop\\PatchWeb\\PatchWebsite\\PatchWebsiteCode\\node_modules\\h3': 'C:\\Users\\LeahN\\Desktop\\PatchWeb\\PatchWebsite\\PatchWebsiteCode\\node_modules\\.h3-Bd6Luh1f',
275 silly reify   'C:\\Users\\LeahN\\Desktop\\PatchWeb\\PatchWebsite\\PatchWebsiteCode\\node_modules\\hast-util-from-html': 'C:\\Users\\LeahN\\Desktop\\PatchWeb\\PatchWebsite\\PatchWebsiteCode\\node_modules\\.hast-util-from-html-1YQxrh4A',
275 silly reify   'C:\\Users\\LeahN\\Desktop\\PatchWeb\\PatchWebsite\\PatchWebsiteCode\\node_modules\\hast-util-from-parse5': 'C:\\Users\\LeahN\\Desktop\\PatchWeb\\PatchWebsite\\PatchWebsiteCode\\node_modules\\.hast-util-from-parse5-cRdjx0Fx',
275 silly reify   'C:\\Users\\LeahN\\Desktop\\PatchWeb\\PatchWebsite\\PatchWebsiteCode\\node_modules\\hast-util-is-element': 'C:\\Users\\LeahN\\Desktop\\PatchWeb\\PatchWebsite\\PatchWebsiteCode\\node_modules\\.hast-util-is-element-GRv3Ps6J',
275 silly reify   'C:\\Users\\LeahN\\Desktop\\PatchWeb\\PatchWebsite\\PatchWebsiteCode\\node_modules\\hast-util-parse-selector': 'C:\\Users\\LeahN\\Desktop\\PatchWeb\\PatchWebsite\\PatchWebsiteCode\\node_modules\\.hast-util-parse-selector-L74bpLX6',
275 silly reify   'C:\\Users\\LeahN\\Desktop\\PatchWeb\\PatchWebsite\\PatchWebsiteCode\\node_modules\\hast-util-raw': 'C:\\Users\\LeahN\\Desktop\\PatchWeb\\PatchWebsite\\PatchWebsiteCode\\node_modules\\.hast-util-raw-flRI6s3f',
275 silly reify   'C:\\Users\\LeahN\\Desktop\\PatchWeb\\PatchWebsite\\PatchWebsiteCode\\node_modules\\hast-util-to-html': 'C:\\Users\\LeahN\\Desktop\\PatchWeb\\PatchWebsite\\PatchWebsiteCode\\node_modules\\.hast-util-to-html-kBbdFam9',
275 silly reify   'C:\\Users\\LeahN\\Desktop\\PatchWeb\\PatchWebsite\\PatchWebsiteCode\\node_modules\\hast-util-to-parse5': 'C:\\Users\\LeahN\\Desktop\\PatchWeb\\PatchWebsite\\PatchWebsiteCode\\node_modules\\.hast-util-to-parse5-JtpULNXw',
275 silly reify   'C:\\Users\\LeahN\\Desktop\\PatchWeb\\PatchWebsite\\PatchWebsiteCode\\node_modules\\hast-util-to-text': 'C:\\Users\\LeahN\\Desktop\\PatchWeb\\PatchWebsite\\PatchWebsiteCode\\node_modules\\.hast-util-to-text-6ZMSWtxG',
275 silly reify   'C:\\Users\\LeahN\\Desktop\\PatchWeb\\PatchWebsite\\PatchWebsiteCode\\node_modules\\hast-util-whitespace': 'C:\\Users\\LeahN\\Desktop\\PatchWeb\\PatchWebsite\\PatchWebsiteCode\\node_modules\\.hast-util-whitespace-13BcM2pM',
275 silly reify   'C:\\Users\\LeahN\\Desktop\\PatchWeb\\PatchWebsite\\PatchWebsiteCode\\node_modules\\hastscript': 'C:\\Users\\LeahN\\Desktop\\PatchWeb\\PatchWebsite\\PatchWebsiteCode\\node_modules\\.hastscript-P2YQK3yB',
275 silly reify   'C:\\Users\\LeahN\\Desktop\\PatchWeb\\PatchWebsite\\PatchWebsiteCode\\node_modules\\http-cache-semantics': 'C:\\Users\\LeahN\\Desktop\\PatchWeb\\PatchWebsite\\PatchWebsiteCode\\node_modules\\.http-cache-semantics-F8A7LJDq',
275 silly reify   'C:\\Users\\LeahN\\Desktop\\PatchWeb\\PatchWebsite\\PatchWebsiteCode\\node_modules\\html-void-elements': 'C:\\Users\\LeahN\\Desktop\\PatchWeb\\PatchWebsite\\PatchWebsiteCode\\node_modules\\.html-void-elements-8PxVBGvC',
275 silly reify   'C:\\Users\\LeahN\\Desktop\\PatchWeb\\PatchWebsite\\PatchWebsiteCode\\node_modules\\import-meta-resolve': 'C:\\Users\\LeahN\\Desktop\\PatchWeb\\PatchWebsite\\PatchWebsiteCode\\node_modules\\.import-meta-resolve-RujEv93k',
275 silly reify   'C:\\Users\\LeahN\\Desktop\\PatchWeb\\PatchWebsite\\PatchWebsiteCode\\node_modules\\is-arrayish': 'C:\\Users\\LeahN\\Desktop\\PatchWeb\\PatchWebsite\\PatchWebsiteCode\\node_modules\\.is-arrayish-fCzZJxZS',
275 silly reify   'C:\\Users\\LeahN\\Desktop\\PatchWeb\\PatchWebsite\\PatchWebsiteCode\\node_modules\\is-docker': 'C:\\Users\\LeahN\\Desktop\\PatchWeb\\PatchWebsite\\PatchWebsiteCode\\node_modules\\.is-docker-OiFNkGNg',
275 silly reify   'C:\\Users\\LeahN\\Desktop\\PatchWeb\\PatchWebsite\\PatchWebsiteCode\\node_modules\\iron-webcrypto': 'C:\\Users\\LeahN\\Desktop\\PatchWeb\\PatchWebsite\\PatchWebsiteCode\\node_modules\\.iron-webcrypto-fqr4RgY6',
275 silly reify   'C:\\Users\\LeahN\\Desktop\\PatchWeb\\PatchWebsite\\PatchWebsiteCode\\node_modules\\is-fullwidth-code-point': 'C:\\Users\\LeahN\\Desktop\\PatchWeb\\PatchWebsite\\PatchWebsiteCode\\node_modules\\.is-fullwidth-code-point-4LscclVL',
275 silly reify   'C:\\Users\\LeahN\\Desktop\\PatchWeb\\PatchWebsite\\PatchWebsiteCode\\node_modules\\is-inside-container': 'C:\\Users\\LeahN\\Desktop\\PatchWeb\\PatchWebsite\\PatchWebsiteCode\\node_modules\\.is-inside-container-zv4JeN3z',
275 silly reify   'C:\\Users\\LeahN\\Desktop\\PatchWeb\\PatchWebsite\\PatchWebsiteCode\\node_modules\\is-plain-obj': 'C:\\Users\\LeahN\\Desktop\\PatchWeb\\PatchWebsite\\PatchWebsiteCode\\node_modules\\.is-plain-obj-JBtmG1tY',
275 silly reify   'C:\\Users\\LeahN\\Desktop\\PatchWeb\\PatchWebsite\\PatchWebsiteCode\\node_modules\\is-wsl': 'C:\\Users\\LeahN\\Desktop\\PatchWeb\\PatchWebsite\\PatchWebsiteCode\\node_modules\\.is-wsl-QywGpbmP',
275 silly reify   'C:\\Users\\LeahN\\Desktop\\PatchWeb\\PatchWebsite\\PatchWebsiteCode\\node_modules\\js-yaml': 'C:\\Users\\LeahN\\Desktop\\PatchWeb\\PatchWebsite\\PatchWebsiteCode\\node_modules\\.js-yaml-R8HCL6lZ',
275 silly reify   'C:\\Users\\LeahN\\Desktop\\PatchWeb\\PatchWebsite\\PatchWebsiteCode\\node_modules\\kleur': 'C:\\Users\\LeahN\\Desktop\\PatchWeb\\PatchWebsite\\PatchWebsiteCode\\node_modules\\.kleur-zwrPQz3q',
275 silly reify   'C:\\Users\\LeahN\\Desktop\\PatchWeb\\PatchWebsite\\PatchWebsiteCode\\node_modules\\lru-cache': 'C:\\Users\\LeahN\\Desktop\\PatchWeb\\PatchWebsite\\PatchWebsiteCode\\node_modules\\.lru-cache-uihIGmgp',
275 silly reify   'C:\\Users\\LeahN\\Desktop\\PatchWeb\\PatchWebsite\\PatchWebsiteCode\\node_modules\\longest-streak': 'C:\\Users\\LeahN\\Desktop\\PatchWeb\\PatchWebsite\\PatchWebsiteCode\\node_modules\\.longest-streak-s73ye3Xp',
275 silly reify   'C:\\Users\\LeahN\\Desktop\\PatchWeb\\PatchWebsite\\PatchWebsiteCode\\node_modules\\magicast': 'C:\\Users\\LeahN\\Desktop\\PatchWeb\\PatchWebsite\\PatchWebsiteCode\\node_modules\\.magicast-Dbcp8Jo7',
275 silly reify   'C:\\Users\\LeahN\\Desktop\\PatchWeb\\PatchWebsite\\PatchWebsiteCode\\node_modules\\magic-string': 'C:\\Users\\LeahN\\Desktop\\PatchWeb\\PatchWebsite\\PatchWebsiteCode\\node_modules\\.magic-string-zc8SygDF',
275 silly reify   'C:\\Users\\LeahN\\Desktop\\PatchWeb\\PatchWebsite\\PatchWebsiteCode\\node_modules\\markdown-table': 'C:\\Users\\LeahN\\Desktop\\PatchWeb\\PatchWebsite\\PatchWebsiteCode\\node_modules\\.markdown-table-7pPDIcGJ',
275 silly reify   'C:\\Users\\LeahN\\Desktop\\PatchWeb\\PatchWebsite\\PatchWebsiteCode\\node_modules\\mdast-util-definitions': 'C:\\Users\\LeahN\\Desktop\\PatchWeb\\PatchWebsite\\PatchWebsiteCode\\node_modules\\.mdast-util-definitions-CbneJib3',
275 silly reify   'C:\\Users\\LeahN\\Desktop\\PatchWeb\\PatchWebsite\\PatchWebsiteCode\\node_modules\\mdast-util-find-and-replace': 'C:\\Users\\LeahN\\Desktop\\PatchWeb\\PatchWebsite\\PatchWebsiteCode\\node_modules\\.mdast-util-find-and-replace-TpSrfPCk',
275 silly reify   'C:\\Users\\LeahN\\Desktop\\PatchWeb\\PatchWebsite\\PatchWebsiteCode\\node_modules\\mdast-util-from-markdown': 'C:\\Users\\LeahN\\Desktop\\PatchWeb\\PatchWebsite\\PatchWebsiteCode\\node_modules\\.mdast-util-from-markdown-4d3gT027',
275 silly reify   'C:\\Users\\LeahN\\Desktop\\PatchWeb\\PatchWebsite\\PatchWebsiteCode\\node_modules\\mdast-util-gfm': 'C:\\Users\\LeahN\\Desktop\\PatchWeb\\PatchWebsite\\PatchWebsiteCode\\node_modules\\.mdast-util-gfm-x8XsKSRp',
275 silly reify   'C:\\Users\\LeahN\\Desktop\\PatchWeb\\PatchWebsite\\PatchWebsiteCode\\node_modules\\mdast-util-gfm-autolink-literal': 'C:\\Users\\LeahN\\Desktop\\PatchWeb\\PatchWebsite\\PatchWebsiteCode\\node_modules\\.mdast-util-gfm-autolink-literal-Ttuj8p3r',
275 silly reify   'C:\\Users\\LeahN\\Desktop\\PatchWeb\\PatchWebsite\\PatchWebsiteCode\\node_modules\\mdast-util-gfm-footnote': 'C:\\Users\\LeahN\\Desktop\\PatchWeb\\PatchWebsite\\PatchWebsiteCode\\node_modules\\.mdast-util-gfm-footnote-FE4oRuUg',
275 silly reify   'C:\\Users\\LeahN\\Desktop\\PatchWeb\\PatchWebsite\\PatchWebsiteCode\\node_modules\\mdast-util-gfm-strikethrough': 'C:\\Users\\LeahN\\Desktop\\PatchWeb\\PatchWebsite\\PatchWebsiteCode\\node_modules\\.mdast-util-gfm-strikethrough-YzMlAcvO',
275 silly reify   'C:\\Users\\LeahN\\Desktop\\PatchWeb\\PatchWebsite\\PatchWebsiteCode\\node_modules\\mdast-util-gfm-task-list-item': 'C:\\Users\\LeahN\\Desktop\\PatchWeb\\PatchWebsite\\PatchWebsiteCode\\node_modules\\.mdast-util-gfm-task-list-item-gMoV8NCZ',
275 silly reify   'C:\\Users\\LeahN\\Desktop\\PatchWeb\\PatchWebsite\\PatchWebsiteCode\\node_modules\\mdast-util-gfm-table': 'C:\\Users\\LeahN\\Desktop\\PatchWeb\\PatchWebsite\\PatchWebsiteCode\\node_modules\\.mdast-util-gfm-table-F0mk07Um',
275 silly reify   'C:\\Users\\LeahN\\Desktop\\PatchWeb\\PatchWebsite\\PatchWebsiteCode\\node_modules\\mdast-util-to-hast': 'C:\\Users\\LeahN\\Desktop\\PatchWeb\\PatchWebsite\\PatchWebsiteCode\\node_modules\\.mdast-util-to-hast-Vo10UyUE',
275 silly reify   'C:\\Users\\LeahN\\Desktop\\PatchWeb\\PatchWebsite\\PatchWebsiteCode\\node_modules\\mdast-util-phrasing': 'C:\\Users\\LeahN\\Desktop\\PatchWeb\\PatchWebsite\\PatchWebsiteCode\\node_modules\\.mdast-util-phrasing-Szo7xMsa',
275 silly reify   'C:\\Users\\LeahN\\Desktop\\PatchWeb\\PatchWebsite\\PatchWebsiteCode\\node_modules\\mdn-data': 'C:\\Users\\LeahN\\Desktop\\PatchWeb\\PatchWebsite\\PatchWebsiteCode\\node_modules\\.mdn-data-DZLoQsBA',
275 silly reify   'C:\\Users\\LeahN\\Desktop\\PatchWeb\\PatchWebsite\\PatchWebsiteCode\\node_modules\\mdast-util-to-markdown': 'C:\\Users\\LeahN\\Desktop\\PatchWeb\\PatchWebsite\\PatchWebsiteCode\\node_modules\\.mdast-util-to-markdown-CQzLbIMI',
275 silly reify   'C:\\Users\\LeahN\\Desktop\\PatchWeb\\PatchWebsite\\PatchWebsiteCode\\node_modules\\micromark': 'C:\\Users\\LeahN\\Desktop\\PatchWeb\\PatchWebsite\\PatchWebsiteCode\\node_modules\\.micromark-PEhLx1wF',
275 silly reify   'C:\\Users\\LeahN\\Desktop\\PatchWeb\\PatchWebsite\\PatchWebsiteCode\\node_modules\\mdast-util-to-string': 'C:\\Users\\LeahN\\Desktop\\PatchWeb\\PatchWebsite\\PatchWebsiteCode\\node_modules\\.mdast-util-to-string-O1ol3Dty',
275 silly reify   'C:\\Users\\LeahN\\Desktop\\PatchWeb\\PatchWebsite\\PatchWebsiteCode\\node_modules\\micromark-core-commonmark': 'C:\\Users\\LeahN\\Desktop\\PatchWeb\\PatchWebsite\\PatchWebsiteCode\\node_modules\\.micromark-core-commonmark-V36tJzQr',
275 silly reify   'C:\\Users\\LeahN\\Desktop\\PatchWeb\\PatchWebsite\\PatchWebsiteCode\\node_modules\\micromark-extension-gfm': 'C:\\Users\\LeahN\\Desktop\\PatchWeb\\PatchWebsite\\PatchWebsiteCode\\node_modules\\.micromark-extension-gfm-F94DTVH7',
275 silly reify   'C:\\Users\\LeahN\\Desktop\\PatchWeb\\PatchWebsite\\PatchWebsiteCode\\node_modules\\micromark-extension-gfm-autolink-literal': 'C:\\Users\\LeahN\\Desktop\\PatchWeb\\PatchWebsite\\PatchWebsiteCode\\node_modules\\.micromark-extension-gfm-autolink-literal-Dc7D5IkD',
275 silly reify   'C:\\Users\\LeahN\\Desktop\\PatchWeb\\PatchWebsite\\PatchWebsiteCode\\node_modules\\micromark-extension-gfm-footnote': 'C:\\Users\\LeahN\\Desktop\\PatchWeb\\PatchWebsite\\PatchWebsiteCode\\node_modules\\.micromark-extension-gfm-footnote-hc7OBNDz',
275 silly reify   'C:\\Users\\LeahN\\Desktop\\PatchWeb\\PatchWebsite\\PatchWebsiteCode\\node_modules\\micromark-extension-gfm-strikethrough': 'C:\\Users\\LeahN\\Desktop\\PatchWeb\\PatchWebsite\\PatchWebsiteCode\\node_modules\\.micromark-extension-gfm-strikethrough-A9kZpssu',
275 silly reify   'C:\\Users\\LeahN\\Desktop\\PatchWeb\\PatchWebsite\\PatchWebsiteCode\\node_modules\\micromark-extension-gfm-table': 'C:\\Users\\LeahN\\Desktop\\PatchWeb\\PatchWebsite\\PatchWebsiteCode\\node_modules\\.micromark-extension-gfm-table-cMvmmQdK',
275 silly reify   'C:\\Users\\LeahN\\Desktop\\PatchWeb\\PatchWebsite\\PatchWebsiteCode\\node_modules\\micromark-extension-gfm-task-list-item': 'C:\\Users\\LeahN\\Desktop\\PatchWeb\\PatchWebsite\\PatchWebsiteCode\\node_modules\\.micromark-extension-gfm-task-list-item-oCaSC7Yh',
275 silly reify   'C:\\Users\\LeahN\\Desktop\\PatchWeb\\PatchWebsite\\PatchWebsiteCode\\node_modules\\micromark-extension-gfm-tagfilter': 'C:\\Users\\LeahN\\Desktop\\PatchWeb\\PatchWebsite\\PatchWebsiteCode\\node_modules\\.micromark-extension-gfm-tagfilter-X8ex8dU6',
275 silly reify   'C:\\Users\\LeahN\\Desktop\\PatchWeb\\PatchWebsite\\PatchWebsiteCode\\node_modules\\micromark-factory-destination': 'C:\\Users\\LeahN\\Desktop\\PatchWeb\\PatchWebsite\\PatchWebsiteCode\\node_modules\\.micromark-factory-destination-bNENcVE4',
275 silly reify   'C:\\Users\\LeahN\\Desktop\\PatchWeb\\PatchWebsite\\PatchWebsiteCode\\node_modules\\micromark-factory-label': 'C:\\Users\\LeahN\\Desktop\\PatchWeb\\PatchWebsite\\PatchWebsiteCode\\node_modules\\.micromark-factory-label-4acYo2kv',
275 silly reify   'C:\\Users\\LeahN\\Desktop\\PatchWeb\\PatchWebsite\\PatchWebsiteCode\\node_modules\\micromark-factory-space': 'C:\\Users\\LeahN\\Desktop\\PatchWeb\\PatchWebsite\\PatchWebsiteCode\\node_modules\\.micromark-factory-space-oRqChVt1',
275 silly reify   'C:\\Users\\LeahN\\Desktop\\PatchWeb\\PatchWebsite\\PatchWebsiteCode\\node_modules\\micromark-factory-title': 'C:\\Users\\LeahN\\Desktop\\PatchWeb\\PatchWebsite\\PatchWebsiteCode\\node_modules\\.micromark-factory-title-pLaTqgSv',
275 silly reify   'C:\\Users\\LeahN\\Desktop\\PatchWeb\\PatchWebsite\\PatchWebsiteCode\\node_modules\\micromark-factory-whitespace': 'C:\\Users\\LeahN\\Desktop\\PatchWeb\\PatchWebsite\\PatchWebsiteCode\\node_modules\\.micromark-factory-whitespace-wGjL7tD4',
275 silly reify   'C:\\Users\\LeahN\\Desktop\\PatchWeb\\PatchWebsite\\PatchWebsiteCode\\node_modules\\micromark-util-chunked': 'C:\\Users\\LeahN\\Desktop\\PatchWeb\\PatchWebsite\\PatchWebsiteCode\\node_modules\\.micromark-util-chunked-PHJz2YQN',
275 silly reify   'C:\\Users\\LeahN\\Desktop\\PatchWeb\\PatchWebsite\\PatchWebsiteCode\\node_modules\\micromark-util-character': 'C:\\Users\\LeahN\\Desktop\\PatchWeb\\PatchWebsite\\PatchWebsiteCode\\node_modules\\.micromark-util-character-4sTwbKBM',
275 silly reify   'C:\\Users\\LeahN\\Desktop\\PatchWeb\\PatchWebsite\\PatchWebsiteCode\\node_modules\\micromark-util-classify-character': 'C:\\Users\\LeahN\\Desktop\\PatchWeb\\PatchWebsite\\PatchWebsiteCode\\node_modules\\.micromark-util-classify-character-bqQcUzRw',
275 silly reify   'C:\\Users\\LeahN\\Desktop\\PatchWeb\\PatchWebsite\\PatchWebsiteCode\\node_modules\\micromark-util-combine-extensions': 'C:\\Users\\LeahN\\Desktop\\PatchWeb\\PatchWebsite\\PatchWebsiteCode\\node_modules\\.micromark-util-combine-extensions-5yXoQ47r',
275 silly reify   'C:\\Users\\LeahN\\Desktop\\PatchWeb\\PatchWebsite\\PatchWebsiteCode\\node_modules\\micromark-util-decode-numeric-character-reference': 'C:\\Users\\LeahN\\Desktop\\PatchWeb\\PatchWebsite\\PatchWebsiteCode\\node_modules\\.micromark-util-decode-numeric-character-reference-jMtPB4Xs',
275 silly reify   'C:\\Users\\LeahN\\Desktop\\PatchWeb\\PatchWebsite\\PatchWebsiteCode\\node_modules\\micromark-util-decode-string': 'C:\\Users\\LeahN\\Desktop\\PatchWeb\\PatchWebsite\\PatchWebsiteCode\\node_modules\\.micromark-util-decode-string-VFTj4Bcj',
275 silly reify   'C:\\Users\\LeahN\\Desktop\\PatchWeb\\PatchWebsite\\PatchWebsiteCode\\node_modules\\micromark-util-encode': 'C:\\Users\\LeahN\\Desktop\\PatchWeb\\PatchWebsite\\PatchWebsiteCode\\node_modules\\.micromark-util-encode-qLcriSTg',
275 silly reify   'C:\\Users\\LeahN\\Desktop\\PatchWeb\\PatchWebsite\\PatchWebsiteCode\\node_modules\\micromark-util-html-tag-name': 'C:\\Users\\LeahN\\Desktop\\PatchWeb\\PatchWebsite\\PatchWebsiteCode\\node_modules\\.micromark-util-html-tag-name-LUuWMbe9',
275 silly reify   'C:\\Users\\LeahN\\Desktop\\PatchWeb\\PatchWebsite\\PatchWebsiteCode\\node_modules\\micromark-util-normalize-identifier': 'C:\\Users\\LeahN\\Desktop\\PatchWeb\\PatchWebsite\\PatchWebsiteCode\\node_modules\\.micromark-util-normalize-identifier-d31gtMhg',
275 silly reify   'C:\\Users\\LeahN\\Desktop\\PatchWeb\\PatchWebsite\\PatchWebsiteCode\\node_modules\\micromark-util-resolve-all': 'C:\\Users\\LeahN\\Desktop\\PatchWeb\\PatchWebsite\\PatchWebsiteCode\\node_modules\\.micromark-util-resolve-all-BeLhUDhV',
275 silly reify   'C:\\Users\\LeahN\\Desktop\\PatchWeb\\PatchWebsite\\PatchWebsiteCode\\node_modules\\micromark-util-sanitize-uri': 'C:\\Users\\LeahN\\Desktop\\PatchWeb\\PatchWebsite\\PatchWebsiteCode\\node_modules\\.micromark-util-sanitize-uri-QUVL7h8Q',
275 silly reify   'C:\\Users\\LeahN\\Desktop\\PatchWeb\\PatchWebsite\\PatchWebsiteCode\\node_modules\\micromark-util-subtokenize': 'C:\\Users\\LeahN\\Desktop\\PatchWeb\\PatchWebsite\\PatchWebsiteCode\\node_modules\\.micromark-util-subtokenize-9bixF2J1',
275 silly reify   'C:\\Users\\LeahN\\Desktop\\PatchWeb\\PatchWebsite\\PatchWebsiteCode\\node_modules\\micromark-util-symbol': 'C:\\Users\\LeahN\\Desktop\\PatchWeb\\PatchWebsite\\PatchWebsiteCode\\node_modules\\.micromark-util-symbol-81ZX3Zer',
275 silly reify   'C:\\Users\\LeahN\\Desktop\\PatchWeb\\PatchWebsite\\PatchWebsiteCode\\node_modules\\mrmime': 'C:\\Users\\LeahN\\Desktop\\PatchWeb\\PatchWebsite\\PatchWebsiteCode\\node_modules\\.mrmime-FQKTXXto',
275 silly reify   'C:\\Users\\LeahN\\Desktop\\PatchWeb\\PatchWebsite\\PatchWebsiteCode\\node_modules\\dset': 'C:\\Users\\LeahN\\Desktop\\PatchWeb\\PatchWebsite\\PatchWebsiteCode\\node_modules\\.dset-j2Al865x',
275 silly reify   'C:\\Users\\LeahN\\Desktop\\PatchWeb\\PatchWebsite\\PatchWebsiteCode\\node_modules\\micromark-util-types': 'C:\\Users\\LeahN\\Desktop\\PatchWeb\\PatchWebsite\\PatchWebsiteCode\\node_modules\\.micromark-util-types-dmTjpMyH',
275 silly reify   'C:\\Users\\LeahN\\Desktop\\PatchWeb\\PatchWebsite\\PatchWebsiteCode\\node_modules\\nanoid': 'C:\\Users\\LeahN\\Desktop\\PatchWeb\\PatchWebsite\\PatchWebsiteCode\\node_modules\\.nanoid-vhSIZm2Z',
275 silly reify   'C:\\Users\\LeahN\\Desktop\\PatchWeb\\PatchWebsite\\PatchWebsiteCode\\node_modules\\node-fetch': 'C:\\Users\\LeahN\\Desktop\\PatchWeb\\PatchWebsite\\PatchWebsiteCode\\node_modules\\.node-fetch-D4ygV3Ky',
275 silly reify   'C:\\Users\\LeahN\\Desktop\\PatchWeb\\PatchWebsite\\PatchWebsiteCode\\node_modules\\neotraverse': 'C:\\Users\\LeahN\\Desktop\\PatchWeb\\PatchWebsite\\PatchWebsiteCode\\node_modules\\.neotraverse-XnGWRbGK',
275 silly reify   'C:\\Users\\LeahN\\Desktop\\PatchWeb\\PatchWebsite\\PatchWebsiteCode\\node_modules\\html-escaper': 'C:\\Users\\LeahN\\Desktop\\PatchWeb\\PatchWebsite\\PatchWebsiteCode\\node_modules\\.html-escaper-uufpLUV5',
275 silly reify   'C:\\Users\\LeahN\\Desktop\\PatchWeb\\PatchWebsite\\PatchWebsiteCode\\node_modules\\node-fetch-native': 'C:\\Users\\LeahN\\Desktop\\PatchWeb\\PatchWebsite\\PatchWebsiteCode\\node_modules\\.node-fetch-native-cWG4rICm',
275 silly reify   'C:\\Users\\LeahN\\Desktop\\PatchWeb\\PatchWebsite\\PatchWebsiteCode\\node_modules\\node-mock-http': 'C:\\Users\\LeahN\\Desktop\\PatchWeb\\PatchWebsite\\PatchWebsiteCode\\node_modules\\.node-mock-http-SsVfvkj9',
275 silly reify   'C:\\Users\\LeahN\\Desktop\\PatchWeb\\PatchWebsite\\PatchWebsiteCode\\node_modules\\ofetch': 'C:\\Users\\LeahN\\Desktop\\PatchWeb\\PatchWebsite\\PatchWebsiteCode\\node_modules\\.ofetch-PyWWGL1W',
275 silly reify   'C:\\Users\\LeahN\\Desktop\\PatchWeb\\PatchWebsite\\PatchWebsiteCode\\node_modules\\ohash': 'C:\\Users\\LeahN\\Desktop\\PatchWeb\\PatchWebsite\\PatchWebsiteCode\\node_modules\\.ohash-AlFqbrJA',
275 silly reify   'C:\\Users\\LeahN\\Desktop\\PatchWeb\\PatchWebsite\\PatchWebsiteCode\\node_modules\\oniguruma-parser': 'C:\\Users\\LeahN\\Desktop\\PatchWeb\\PatchWebsite\\PatchWebsiteCode\\node_modules\\.oniguruma-parser-o3A8RdDo',
275 silly reify   'C:\\Users\\LeahN\\Desktop\\PatchWeb\\PatchWebsite\\PatchWebsiteCode\\node_modules\\oniguruma-to-es': 'C:\\Users\\LeahN\\Desktop\\PatchWeb\\PatchWebsite\\PatchWebsiteCode\\node_modules\\.oniguruma-to-es-usp7xlO7',
275 silly reify   'C:\\Users\\LeahN\\Desktop\\PatchWeb\\PatchWebsite\\PatchWebsiteCode\\node_modules\\p-limit': 'C:\\Users\\LeahN\\Desktop\\PatchWeb\\PatchWebsite\\PatchWebsiteCode\\node_modules\\.p-limit-6dxC0l8E',
275 silly reify   'C:\\Users\\LeahN\\Desktop\\PatchWeb\\PatchWebsite\\PatchWebsiteCode\\node_modules\\p-queue': 'C:\\Users\\LeahN\\Desktop\\PatchWeb\\PatchWebsite\\PatchWebsiteCode\\node_modules\\.p-queue-FLxZsCm2',
275 silly reify   'C:\\Users\\LeahN\\Desktop\\PatchWeb\\PatchWebsite\\PatchWebsiteCode\\node_modules\\pako': 'C:\\Users\\LeahN\\Desktop\\PatchWeb\\PatchWebsite\\PatchWebsiteCode\\node_modules\\.pako-2jpzKRLI',
275 silly reify   'C:\\Users\\LeahN\\Desktop\\PatchWeb\\PatchWebsite\\PatchWebsiteCode\\node_modules\\package-manager-detector': 'C:\\Users\\LeahN\\Desktop\\PatchWeb\\PatchWebsite\\PatchWebsiteCode\\node_modules\\.package-manager-detector-XZWm4GYD',
275 silly reify   'C:\\Users\\LeahN\\Desktop\\PatchWeb\\PatchWebsite\\PatchWebsiteCode\\node_modules\\p-timeout': 'C:\\Users\\LeahN\\Desktop\\PatchWeb\\PatchWebsite\\PatchWebsiteCode\\node_modules\\.p-timeout-X6UfbFgW',
275 silly reify   'C:\\Users\\LeahN\\Desktop\\PatchWeb\\PatchWebsite\\PatchWebsiteCode\\node_modules\\parse-latin': 'C:\\Users\\LeahN\\Desktop\\PatchWeb\\PatchWebsite\\PatchWebsiteCode\\node_modules\\.parse-latin-oo1MOZAa',
275 silly reify   'C:\\Users\\LeahN\\Desktop\\PatchWeb\\PatchWebsite\\PatchWebsiteCode\\node_modules\\nlcst-to-string': 'C:\\Users\\LeahN\\Desktop\\PatchWeb\\PatchWebsite\\PatchWebsiteCode\\node_modules\\.nlcst-to-string-8Bl41rba',
275 silly reify   'C:\\Users\\LeahN\\Desktop\\PatchWeb\\PatchWebsite\\PatchWebsiteCode\\node_modules\\prismjs': 'C:\\Users\\LeahN\\Desktop\\PatchWeb\\PatchWebsite\\PatchWebsiteCode\\node_modules\\.prismjs-UXKP26dW',
275 silly reify   'C:\\Users\\LeahN\\Desktop\\PatchWeb\\PatchWebsite\\PatchWebsiteCode\\node_modules\\parse5': 'C:\\Users\\LeahN\\Desktop\\PatchWeb\\PatchWebsite\\PatchWebsiteCode\\node_modules\\.parse5-WjUoaI8f',
275 silly reify   'C:\\Users\\LeahN\\Desktop\\PatchWeb\\PatchWebsite\\PatchWebsiteCode\\node_modules\\prompts': 'C:\\Users\\LeahN\\Desktop\\PatchWeb\\PatchWebsite\\PatchWebsiteCode\\node_modules\\.prompts-vHcozxWz',
275 silly reify   'C:\\Users\\LeahN\\Desktop\\PatchWeb\\PatchWebsite\\PatchWebsiteCode\\node_modules\\radix3': 'C:\\Users\\LeahN\\Desktop\\PatchWeb\\PatchWebsite\\PatchWebsiteCode\\node_modules\\.radix3-FauS1bfd',
275 silly reify   'C:\\Users\\LeahN\\Desktop\\PatchWeb\\PatchWebsite\\PatchWebsiteCode\\node_modules\\property-information': 'C:\\Users\\LeahN\\Desktop\\PatchWeb\\PatchWebsite\\PatchWebsiteCode\\node_modules\\.property-information-Irods3K1',
275 silly reify   'C:\\Users\\LeahN\\Desktop\\PatchWeb\\PatchWebsite\\PatchWebsiteCode\\node_modules\\readdirp': 'C:\\Users\\LeahN\\Desktop\\PatchWeb\\PatchWebsite\\PatchWebsiteCode\\node_modules\\.readdirp-Vz2ujLeI',
275 silly reify   'C:\\Users\\LeahN\\Desktop\\PatchWeb\\PatchWebsite\\PatchWebsiteCode\\node_modules\\regex': 'C:\\Users\\LeahN\\Desktop\\PatchWeb\\PatchWebsite\\PatchWebsiteCode\\node_modules\\.regex-nX8acqjk',
275 silly reify   'C:\\Users\\LeahN\\Desktop\\PatchWeb\\PatchWebsite\\PatchWebsiteCode\\node_modules\\regex-recursion': 'C:\\Users\\LeahN\\Desktop\\PatchWeb\\PatchWebsite\\PatchWebsiteCode\\node_modules\\.regex-recursion-GZvciD3g',
275 silly reify   'C:\\Users\\LeahN\\Desktop\\PatchWeb\\PatchWebsite\\PatchWebsiteCode\\node_modules\\rehype': 'C:\\Users\\LeahN\\Desktop\\PatchWeb\\PatchWebsite\\PatchWebsiteCode\\node_modules\\.rehype-DS0RLcDf',
275 silly reify   'C:\\Users\\LeahN\\Desktop\\PatchWeb\\PatchWebsite\\PatchWebsiteCode\\node_modules\\rehype-parse': 'C:\\Users\\LeahN\\Desktop\\PatchWeb\\PatchWebsite\\PatchWebsiteCode\\node_modules\\.rehype-parse-hpICtXK1',
275 silly reify   'C:\\Users\\LeahN\\Desktop\\PatchWeb\\PatchWebsite\\PatchWebsiteCode\\node_modules\\regex-utilities': 'C:\\Users\\LeahN\\Desktop\\PatchWeb\\PatchWebsite\\PatchWebsiteCode\\node_modules\\.regex-utilities-et6IKNN5',
275 silly reify   'C:\\Users\\LeahN\\Desktop\\PatchWeb\\PatchWebsite\\PatchWebsiteCode\\node_modules\\rehype-raw': 'C:\\Users\\LeahN\\Desktop\\PatchWeb\\PatchWebsite\\PatchWebsiteCode\\node_modules\\.rehype-raw-O6nafTVy',
275 silly reify   'C:\\Users\\LeahN\\Desktop\\PatchWeb\\PatchWebsite\\PatchWebsiteCode\\node_modules\\remark-gfm': 'C:\\Users\\LeahN\\Desktop\\PatchWeb\\PatchWebsite\\PatchWebsiteCode\\node_modules\\.remark-gfm-tMvkbWx8',
275 silly reify   'C:\\Users\\LeahN\\Desktop\\PatchWeb\\PatchWebsite\\PatchWebsiteCode\\node_modules\\remark-parse': 'C:\\Users\\LeahN\\Desktop\\PatchWeb\\PatchWebsite\\PatchWebsiteCode\\node_modules\\.remark-parse-oMZsGmV7',
275 silly reify   'C:\\Users\\LeahN\\Desktop\\PatchWeb\\PatchWebsite\\PatchWebsiteCode\\node_modules\\rehype-stringify': 'C:\\Users\\LeahN\\Desktop\\PatchWeb\\PatchWebsite\\PatchWebsiteCode\\node_modules\\.rehype-stringify-j3oBcrzt',
275 silly reify   'C:\\Users\\LeahN\\Desktop\\PatchWeb\\PatchWebsite\\PatchWebsiteCode\\node_modules\\remark-stringify': 'C:\\Users\\LeahN\\Desktop\\PatchWeb\\PatchWebsite\\PatchWebsiteCode\\node_modules\\.remark-stringify-DoHjqJjD',
275 silly reify   'C:\\Users\\LeahN\\Desktop\\PatchWeb\\PatchWebsite\\PatchWebsiteCode\\node_modules\\remark-rehype': 'C:\\Users\\LeahN\\Desktop\\PatchWeb\\PatchWebsite\\PatchWebsiteCode\\node_modules\\.remark-rehype-EexmZ8h8',
275 silly reify   'C:\\Users\\LeahN\\Desktop\\PatchWeb\\PatchWebsite\\PatchWebsiteCode\\node_modules\\remark-smartypants': 'C:\\Users\\LeahN\\Desktop\\PatchWeb\\PatchWebsite\\PatchWebsiteCode\\node_modules\\.remark-smartypants-fuAcIk2p',
275 silly reify   'C:\\Users\\LeahN\\Desktop\\PatchWeb\\PatchWebsite\\PatchWebsiteCode\\node_modules\\restructure': 'C:\\Users\\LeahN\\Desktop\\PatchWeb\\PatchWebsite\\PatchWebsiteCode\\node_modules\\.restructure-awreFnZZ',
275 silly reify   'C:\\Users\\LeahN\\Desktop\\PatchWeb\\PatchWebsite\\PatchWebsiteCode\\node_modules\\retext': 'C:\\Users\\LeahN\\Desktop\\PatchWeb\\PatchWebsite\\PatchWebsiteCode\\node_modules\\.retext-KqBBEXnN',
275 silly reify   'C:\\Users\\LeahN\\Desktop\\PatchWeb\\PatchWebsite\\PatchWebsiteCode\\node_modules\\retext-latin': 'C:\\Users\\LeahN\\Desktop\\PatchWeb\\PatchWebsite\\PatchWebsiteCode\\node_modules\\.retext-latin-uqmAIvhu',
275 silly reify   'C:\\Users\\LeahN\\Desktop\\PatchWeb\\PatchWebsite\\PatchWebsiteCode\\node_modules\\retext-smartypants': 'C:\\Users\\LeahN\\Desktop\\PatchWeb\\PatchWebsite\\PatchWebsiteCode\\node_modules\\.retext-smartypants-lm18ABLS',
275 silly reify   'C:\\Users\\LeahN\\Desktop\\PatchWeb\\PatchWebsite\\PatchWebsiteCode\\node_modules\\retext-stringify': 'C:\\Users\\LeahN\\Desktop\\PatchWeb\\PatchWebsite\\PatchWebsiteCode\\node_modules\\.retext-stringify-4rvtts3j',
275 silly reify   'C:\\Users\\LeahN\\Desktop\\PatchWeb\\PatchWebsite\\PatchWebsiteCode\\node_modules\\rollup': 'C:\\Users\\LeahN\\Desktop\\PatchWeb\\PatchWebsite\\PatchWebsiteCode\\node_modules\\.rollup-ulligYOH',
275 silly reify   'C:\\Users\\LeahN\\Desktop\\PatchWeb\\PatchWebsite\\PatchWebsiteCode\\node_modules\\semver': 'C:\\Users\\LeahN\\Desktop\\PatchWeb\\PatchWebsite\\PatchWebsiteCode\\node_modules\\.semver-RbFfPFe1',
275 silly reify   'C:\\Users\\LeahN\\Desktop\\PatchWeb\\PatchWebsite\\PatchWebsiteCode\\node_modules\\sharp': 'C:\\Users\\LeahN\\Desktop\\PatchWeb\\PatchWebsite\\PatchWebsiteCode\\node_modules\\.sharp-Jo1Spceh',
275 silly reify   'C:\\Users\\LeahN\\Desktop\\PatchWeb\\PatchWebsite\\PatchWebsiteCode\\node_modules\\shiki': 'C:\\Users\\LeahN\\Desktop\\PatchWeb\\PatchWebsite\\PatchWebsiteCode\\node_modules\\.shiki-mWo8e3r4',
275 silly reify   'C:\\Users\\LeahN\\Desktop\\PatchWeb\\PatchWebsite\\PatchWebsiteCode\\node_modules\\simple-swizzle': 'C:\\Users\\LeahN\\Desktop\\PatchWeb\\PatchWebsite\\PatchWebsiteCode\\node_modules\\.simple-swizzle-bowdGfKi',
275 silly reify   'C:\\Users\\LeahN\\Desktop\\PatchWeb\\PatchWebsite\\PatchWebsiteCode\\node_modules\\smol-toml': 'C:\\Users\\LeahN\\Desktop\\PatchWeb\\PatchWebsite\\PatchWebsiteCode\\node_modules\\.smol-toml-b8TNycgP',
275 silly reify   'C:\\Users\\LeahN\\Desktop\\PatchWeb\\PatchWebsite\\PatchWebsiteCode\\node_modules\\sisteransi': 'C:\\Users\\LeahN\\Desktop\\PatchWeb\\PatchWebsite\\PatchWebsiteCode\\node_modules\\.sisteransi-zwSjvN27',
275 silly reify   'C:\\Users\\LeahN\\Desktop\\PatchWeb\\PatchWebsite\\PatchWebsiteCode\\node_modules\\space-separated-tokens': 'C:\\Users\\LeahN\\Desktop\\PatchWeb\\PatchWebsite\\PatchWebsiteCode\\node_modules\\.space-separated-tokens-SdfgDjap',
275 silly reify   'C:\\Users\\LeahN\\Desktop\\PatchWeb\\PatchWebsite\\PatchWebsiteCode\\node_modules\\string-width': 'C:\\Users\\LeahN\\Desktop\\PatchWeb\\PatchWebsite\\PatchWebsiteCode\\node_modules\\.string-width-Ax9aztnW',
275 silly reify   'C:\\Users\\LeahN\\Desktop\\PatchWeb\\PatchWebsite\\PatchWebsiteCode\\node_modules\\stringify-entities': 'C:\\Users\\LeahN\\Desktop\\PatchWeb\\PatchWebsite\\PatchWebsiteCode\\node_modules\\.stringify-entities-gE5GoFLV',
275 silly reify   'C:\\Users\\LeahN\\Desktop\\PatchWeb\\PatchWebsite\\PatchWebsiteCode\\node_modules\\strip-ansi': 'C:\\Users\\LeahN\\Desktop\\PatchWeb\\PatchWebsite\\PatchWebsiteCode\\node_modules\\.strip-ansi-UgyCDKps',
275 silly reify   'C:\\Users\\LeahN\\Desktop\\PatchWeb\\PatchWebsite\\PatchWebsiteCode\\node_modules\\tiny-inflate': 'C:\\Users\\LeahN\\Desktop\\PatchWeb\\PatchWebsite\\PatchWebsiteCode\\node_modules\\.tiny-inflate-jTXvxZBD',
275 silly reify   'C:\\Users\\LeahN\\Desktop\\PatchWeb\\PatchWebsite\\PatchWebsiteCode\\node_modules\\tinyexec': 'C:\\Users\\LeahN\\Desktop\\PatchWeb\\PatchWebsite\\PatchWebsiteCode\\node_modules\\.tinyexec-iJqPwHzB',
275 silly reify   'C:\\Users\\LeahN\\Desktop\\PatchWeb\\PatchWebsite\\PatchWebsiteCode\\node_modules\\tinyglobby': 'C:\\Users\\LeahN\\Desktop\\PatchWeb\\PatchWebsite\\PatchWebsiteCode\\node_modules\\.tinyglobby-s37hTO3b',
275 silly reify   'C:\\Users\\LeahN\\Desktop\\PatchWeb\\PatchWebsite\\PatchWebsiteCode\\node_modules\\tr46': 'C:\\Users\\LeahN\\Desktop\\PatchWeb\\PatchWebsite\\PatchWebsiteCode\\node_modules\\.tr46-XfmACRHe',
275 silly reify   'C:\\Users\\LeahN\\Desktop\\PatchWeb\\PatchWebsite\\PatchWebsiteCode\\node_modules\\trough': 'C:\\Users\\LeahN\\Desktop\\PatchWeb\\PatchWebsite\\PatchWebsiteCode\\node_modules\\.trough-I3JqGsgf',
275 silly reify   'C:\\Users\\LeahN\\Desktop\\PatchWeb\\PatchWebsite\\PatchWebsiteCode\\node_modules\\trim-lines': 'C:\\Users\\LeahN\\Desktop\\PatchWeb\\PatchWebsite\\PatchWebsiteCode\\node_modules\\.trim-lines-mkU4dMUS',
275 silly reify   'C:\\Users\\LeahN\\Desktop\\PatchWeb\\PatchWebsite\\PatchWebsiteCode\\node_modules\\tsconfck': 'C:\\Users\\LeahN\\Desktop\\PatchWeb\\PatchWebsite\\PatchWebsiteCode\\node_modules\\.tsconfck-ELmXBwhs',
275 silly reify   'C:\\Users\\LeahN\\Desktop\\PatchWeb\\PatchWebsite\\PatchWebsiteCode\\node_modules\\type-fest': 'C:\\Users\\LeahN\\Desktop\\PatchWeb\\PatchWebsite\\PatchWebsiteCode\\node_modules\\.type-fest-wRbtVy7K',
275 silly reify   'C:\\Users\\LeahN\\Desktop\\PatchWeb\\PatchWebsite\\PatchWebsiteCode\\node_modules\\typescript': 'C:\\Users\\LeahN\\Desktop\\PatchWeb\\PatchWebsite\\PatchWebsiteCode\\node_modules\\.typescript-rtaF7PGw',
275 silly reify   'C:\\Users\\LeahN\\Desktop\\PatchWeb\\PatchWebsite\\PatchWebsiteCode\\node_modules\\ufo': 'C:\\Users\\LeahN\\Desktop\\PatchWeb\\PatchWebsite\\PatchWebsiteCode\\node_modules\\.ufo-MxMqQuAl',
275 silly reify   'C:\\Users\\LeahN\\Desktop\\PatchWeb\\PatchWebsite\\PatchWebsiteCode\\node_modules\\ultrahtml': 'C:\\Users\\LeahN\\Desktop\\PatchWeb\\PatchWebsite\\PatchWebsiteCode\\node_modules\\.ultrahtml-fXX1oGDq',
275 silly reify   'C:\\Users\\LeahN\\Desktop\\PatchWeb\\PatchWebsite\\PatchWebsiteCode\\node_modules\\undici-types': 'C:\\Users\\LeahN\\Desktop\\PatchWeb\\PatchWebsite\\PatchWebsiteCode\\node_modules\\.undici-types-pU43GaqS',
275 silly reify   'C:\\Users\\LeahN\\Desktop\\PatchWeb\\PatchWebsite\\PatchWebsiteCode\\node_modules\\unicode-properties': 'C:\\Users\\LeahN\\Desktop\\PatchWeb\\PatchWebsite\\PatchWebsiteCode\\node_modules\\.unicode-properties-CgztnLCS',
275 silly reify   'C:\\Users\\LeahN\\Desktop\\PatchWeb\\PatchWebsite\\PatchWebsiteCode\\node_modules\\unicode-trie': 'C:\\Users\\LeahN\\Desktop\\PatchWeb\\PatchWebsite\\PatchWebsiteCode\\node_modules\\.unicode-trie-4D591gz7',
275 silly reify   'C:\\Users\\LeahN\\Desktop\\PatchWeb\\PatchWebsite\\PatchWebsiteCode\\node_modules\\unified': 'C:\\Users\\LeahN\\Desktop\\PatchWeb\\PatchWebsite\\PatchWebsiteCode\\node_modules\\.unified-AEf5wx1x',
275 silly reify   'C:\\Users\\LeahN\\Desktop\\PatchWeb\\PatchWebsite\\PatchWebsiteCode\\node_modules\\uncrypto': 'C:\\Users\\LeahN\\Desktop\\PatchWeb\\PatchWebsite\\PatchWebsiteCode\\node_modules\\.uncrypto-uNBDoHIt',
275 silly reify   'C:\\Users\\LeahN\\Desktop\\PatchWeb\\PatchWebsite\\PatchWebsiteCode\\node_modules\\unifont': 'C:\\Users\\LeahN\\Desktop\\PatchWeb\\PatchWebsite\\PatchWebsiteCode\\node_modules\\.unifont-gsHxsYl9',
275 silly reify   'C:\\Users\\LeahN\\Desktop\\PatchWeb\\PatchWebsite\\PatchWebsiteCode\\node_modules\\unist-util-find-after': 'C:\\Users\\LeahN\\Desktop\\PatchWeb\\PatchWebsite\\PatchWebsiteCode\\node_modules\\.unist-util-find-after-gk2OjnTN',
275 silly reify   'C:\\Users\\LeahN\\Desktop\\PatchWeb\\PatchWebsite\\PatchWebsiteCode\\node_modules\\unist-util-is': 'C:\\Users\\LeahN\\Desktop\\PatchWeb\\PatchWebsite\\PatchWebsiteCode\\node_modules\\.unist-util-is-sF2fdVEU',
275 silly reify   'C:\\Users\\LeahN\\Desktop\\PatchWeb\\PatchWebsite\\PatchWebsiteCode\\node_modules\\unist-util-position': 'C:\\Users\\LeahN\\Desktop\\PatchWeb\\PatchWebsite\\PatchWebsiteCode\\node_modules\\.unist-util-position-odK2pQsu',
275 silly reify   'C:\\Users\\LeahN\\Desktop\\PatchWeb\\PatchWebsite\\PatchWebsiteCode\\node_modules\\unist-util-remove-position': 'C:\\Users\\LeahN\\Desktop\\PatchWeb\\PatchWebsite\\PatchWebsiteCode\\node_modules\\.unist-util-remove-position-oH8AahO5',
275 silly reify   'C:\\Users\\LeahN\\Desktop\\PatchWeb\\PatchWebsite\\PatchWebsiteCode\\node_modules\\unist-util-stringify-position': 'C:\\Users\\LeahN\\Desktop\\PatchWeb\\PatchWebsite\\PatchWebsiteCode\\node_modules\\.unist-util-stringify-position-zxlOU5qg',
275 silly reify   'C:\\Users\\LeahN\\Desktop\\PatchWeb\\PatchWebsite\\PatchWebsiteCode\\node_modules\\unist-util-visit': 'C:\\Users\\LeahN\\Desktop\\PatchWeb\\PatchWebsite\\PatchWebsiteCode\\node_modules\\.unist-util-visit-tZAnrlxl',
275 silly reify   'C:\\Users\\LeahN\\Desktop\\PatchWeb\\PatchWebsite\\PatchWebsiteCode\\node_modules\\unist-util-modify-children': 'C:\\Users\\LeahN\\Desktop\\PatchWeb\\PatchWebsite\\PatchWebsiteCode\\node_modules\\.unist-util-modify-children-YQTiDgjh',
275 silly reify   'C:\\Users\\LeahN\\Desktop\\PatchWeb\\PatchWebsite\\PatchWebsiteCode\\node_modules\\unist-util-visit-children': 'C:\\Users\\LeahN\\Desktop\\PatchWeb\\PatchWebsite\\PatchWebsiteCode\\node_modules\\.unist-util-visit-children-zV4g09qf',
275 silly reify   'C:\\Users\\LeahN\\Desktop\\PatchWeb\\PatchWebsite\\PatchWebsiteCode\\node_modules\\vfile': 'C:\\Users\\LeahN\\Desktop\\PatchWeb\\PatchWebsite\\PatchWebsiteCode\\node_modules\\.vfile-7djM6YUY',
275 silly reify   'C:\\Users\\LeahN\\Desktop\\PatchWeb\\PatchWebsite\\PatchWebsiteCode\\node_modules\\unstorage': 'C:\\Users\\LeahN\\Desktop\\PatchWeb\\PatchWebsite\\PatchWebsiteCode\\node_modules\\.unstorage-AjJbgHYw',
275 silly reify   'C:\\Users\\LeahN\\Desktop\\PatchWeb\\PatchWebsite\\PatchWebsiteCode\\node_modules\\unist-util-visit-parents': 'C:\\Users\\LeahN\\Desktop\\PatchWeb\\PatchWebsite\\PatchWebsiteCode\\node_modules\\.unist-util-visit-parents-nAD7cSeW',
275 silly reify   'C:\\Users\\LeahN\\Desktop\\PatchWeb\\PatchWebsite\\PatchWebsiteCode\\node_modules\\vfile-location': 'C:\\Users\\LeahN\\Desktop\\PatchWeb\\PatchWebsite\\PatchWebsiteCode\\node_modules\\.vfile-location-SdbAYbbT',
275 silly reify   'C:\\Users\\LeahN\\Desktop\\PatchWeb\\PatchWebsite\\PatchWebsiteCode\\node_modules\\vfile-message': 'C:\\Users\\LeahN\\Desktop\\PatchWeb\\PatchWebsite\\PatchWebsiteCode\\node_modules\\.vfile-message-ghMIF8ph',
275 silly reify   'C:\\Users\\LeahN\\Desktop\\PatchWeb\\PatchWebsite\\PatchWebsiteCode\\node_modules\\vite': 'C:\\Users\\LeahN\\Desktop\\PatchWeb\\PatchWebsite\\PatchWebsiteCode\\node_modules\\.vite-EXamSHQB',
275 silly reify   'C:\\Users\\LeahN\\Desktop\\PatchWeb\\PatchWebsite\\PatchWebsiteCode\\node_modules\\vitefu': 'C:\\Users\\LeahN\\Desktop\\PatchWeb\\PatchWebsite\\PatchWebsiteCode\\node_modules\\.vitefu-gEOGSBEk',
275 silly reify   'C:\\Users\\LeahN\\Desktop\\PatchWeb\\PatchWebsite\\PatchWebsiteCode\\node_modules\\web-namespaces': 'C:\\Users\\LeahN\\Desktop\\PatchWeb\\PatchWebsite\\PatchWebsiteCode\\node_modules\\.web-namespaces-C1Xks7FQ',
275 silly reify   'C:\\Users\\LeahN\\Desktop\\PatchWeb\\PatchWebsite\\PatchWebsiteCode\\node_modules\\webidl-conversions': 'C:\\Users\\LeahN\\Desktop\\PatchWeb\\PatchWebsite\\PatchWebsiteCode\\node_modules\\.webidl-conversions-0A4KornN',
275 silly reify   'C:\\Users\\LeahN\\Desktop\\PatchWeb\\PatchWebsite\\PatchWebsiteCode\\node_modules\\whatwg-url': 'C:\\Users\\LeahN\\Desktop\\PatchWeb\\PatchWebsite\\PatchWebsiteCode\\node_modules\\.whatwg-url-jPLbkeU1',
275 silly reify   'C:\\Users\\LeahN\\Desktop\\PatchWeb\\PatchWebsite\\PatchWebsiteCode\\node_modules\\which-pm-runs': 'C:\\Users\\LeahN\\Desktop\\PatchWeb\\PatchWebsite\\PatchWebsiteCode\\node_modules\\.which-pm-runs-gibMJ2KV',
275 silly reify   'C:\\Users\\LeahN\\Desktop\\PatchWeb\\PatchWebsite\\PatchWebsiteCode\\node_modules\\widest-line': 'C:\\Users\\LeahN\\Desktop\\PatchWeb\\PatchWebsite\\PatchWebsiteCode\\node_modules\\.widest-line-g5xfo22Z',
275 silly reify   'C:\\Users\\LeahN\\Desktop\\PatchWeb\\PatchWebsite\\PatchWebsiteCode\\node_modules\\wrap-ansi': 'C:\\Users\\LeahN\\Desktop\\PatchWeb\\PatchWebsite\\PatchWebsiteCode\\node_modules\\.wrap-ansi-Z30qPfgk',
275 silly reify   'C:\\Users\\LeahN\\Desktop\\PatchWeb\\PatchWebsite\\PatchWebsiteCode\\node_modules\\xxhash-wasm': 'C:\\Users\\LeahN\\Desktop\\PatchWeb\\PatchWebsite\\PatchWebsiteCode\\node_modules\\.xxhash-wasm-Y8qb4FXj',
275 silly reify   'C:\\Users\\LeahN\\Desktop\\PatchWeb\\PatchWebsite\\PatchWebsiteCode\\node_modules\\yargs-parser': 'C:\\Users\\LeahN\\Desktop\\PatchWeb\\PatchWebsite\\PatchWebsiteCode\\node_modules\\.yargs-parser-MFdqDuHe',
275 silly reify   'C:\\Users\\LeahN\\Desktop\\PatchWeb\\PatchWebsite\\PatchWebsiteCode\\node_modules\\yocto-queue': 'C:\\Users\\LeahN\\Desktop\\PatchWeb\\PatchWebsite\\PatchWebsiteCode\\node_modules\\.yocto-queue-Vld7Fpdk',
275 silly reify   'C:\\Users\\LeahN\\Desktop\\PatchWeb\\PatchWebsite\\PatchWebsiteCode\\node_modules\\yocto-spinner': 'C:\\Users\\LeahN\\Desktop\\PatchWeb\\PatchWebsite\\PatchWebsiteCode\\node_modules\\.yocto-spinner-4ymnGEHx',
275 silly reify   'C:\\Users\\LeahN\\Desktop\\PatchWeb\\PatchWebsite\\PatchWebsiteCode\\node_modules\\yoctocolors': 'C:\\Users\\LeahN\\Desktop\\PatchWeb\\PatchWebsite\\PatchWebsiteCode\\node_modules\\.yoctocolors-YoC2rUy4',
275 silly reify   'C:\\Users\\LeahN\\Desktop\\PatchWeb\\PatchWebsite\\PatchWebsiteCode\\node_modules\\zod-to-json-schema': 'C:\\Users\\LeahN\\Desktop\\PatchWeb\\PatchWebsite\\PatchWebsiteCode\\node_modules\\.zod-to-json-schema-smeXBDCd',
275 silly reify   'C:\\Users\\LeahN\\Desktop\\PatchWeb\\PatchWebsite\\PatchWebsiteCode\\node_modules\\zod': 'C:\\Users\\LeahN\\Desktop\\PatchWeb\\PatchWebsite\\PatchWebsiteCode\\node_modules\\.zod-VJR8dx2q',
275 silly reify   'C:\\Users\\LeahN\\Desktop\\PatchWeb\\PatchWebsite\\PatchWebsiteCode\\node_modules\\zod-to-ts': 'C:\\Users\\LeahN\\Desktop\\PatchWeb\\PatchWebsite\\PatchWebsiteCode\\node_modules\\.zod-to-ts-oe4KYOdz',
275 silly reify   'C:\\Users\\LeahN\\Desktop\\PatchWeb\\PatchWebsite\\PatchWebsiteCode\\node_modules\\zwitch': 'C:\\Users\\LeahN\\Desktop\\PatchWeb\\PatchWebsite\\PatchWebsiteCode\\node_modules\\.zwitch-USHGVzK5',
275 silly reify   'C:\\Users\\LeahN\\Desktop\\PatchWeb\\PatchWebsite\\PatchWebsiteCode\\node_modules\\@astrojs\\compiler': 'C:\\Users\\LeahN\\Desktop\\PatchWeb\\PatchWebsite\\PatchWebsiteCode\\node_modules\\@astrojs\\.compiler-0VkoD4nV',
275 silly reify   'C:\\Users\\LeahN\\Desktop\\PatchWeb\\PatchWebsite\\PatchWebsiteCode\\node_modules\\@astrojs\\internal-helpers': 'C:\\Users\\LeahN\\Desktop\\PatchWeb\\PatchWebsite\\PatchWebsiteCode\\node_modules\\@astrojs\\.internal-helpers-nuBWMjxU',
275 silly reify   'C:\\Users\\LeahN\\Desktop\\PatchWeb\\PatchWebsite\\PatchWebsiteCode\\node_modules\\@astrojs\\markdown-remark': 'C:\\Users\\LeahN\\Desktop\\PatchWeb\\PatchWebsite\\PatchWebsiteCode\\node_modules\\@astrojs\\.markdown-remark-AlfvjCt9',
275 silly reify   'C:\\Users\\LeahN\\Desktop\\PatchWeb\\PatchWebsite\\PatchWebsiteCode\\node_modules\\@astrojs\\telemetry': 'C:\\Users\\LeahN\\Desktop\\PatchWeb\\PatchWebsite\\PatchWebsiteCode\\node_modules\\@astrojs\\.telemetry-Jrvldowk',
275 silly reify   'C:\\Users\\LeahN\\Desktop\\PatchWeb\\PatchWebsite\\PatchWebsiteCode\\node_modules\\@astrojs\\prism': 'C:\\Users\\LeahN\\Desktop\\PatchWeb\\PatchWebsite\\PatchWebsiteCode\\node_modules\\@astrojs\\.prism-T6O7V8oM',
275 silly reify   'C:\\Users\\LeahN\\Desktop\\PatchWeb\\PatchWebsite\\PatchWebsiteCode\\node_modules\\@babel\\helper-validator-identifier': 'C:\\Users\\LeahN\\Desktop\\PatchWeb\\PatchWebsite\\PatchWebsiteCode\\node_modules\\@babel\\.helper-validator-identifier-ukqJin84',
275 silly reify   'C:\\Users\\LeahN\\Desktop\\PatchWeb\\PatchWebsite\\PatchWebsiteCode\\node_modules\\@babel\\parser': 'C:\\Users\\LeahN\\Desktop\\PatchWeb\\PatchWebsite\\PatchWebsiteCode\\node_modules\\@babel\\.parser-C8S8aBtG',
275 silly reify   'C:\\Users\\LeahN\\Desktop\\PatchWeb\\PatchWebsite\\PatchWebsiteCode\\node_modules\\@babel\\types': 'C:\\Users\\LeahN\\Desktop\\PatchWeb\\PatchWebsite\\PatchWebsiteCode\\node_modules\\@babel\\.types-JqTT4o4h',
275 silly reify   'C:\\Users\\LeahN\\Desktop\\PatchWeb\\PatchWebsite\\PatchWebsiteCode\\node_modules\\@capsizecss\\unpack': 'C:\\Users\\LeahN\\Desktop\\PatchWeb\\PatchWebsite\\PatchWebsiteCode\\node_modules\\@capsizecss\\.unpack-KaXKLAaa',
275 silly reify   'C:\\Users\\LeahN\\Desktop\\PatchWeb\\PatchWebsite\\PatchWebsiteCode\\node_modules\\@esbuild\\win32-x64': 'C:\\Users\\LeahN\\Desktop\\PatchWeb\\PatchWebsite\\PatchWebsiteCode\\node_modules\\@esbuild\\.win32-x64-RyZOR1ne',
275 silly reify   'C:\\Users\\LeahN\\Desktop\\PatchWeb\\PatchWebsite\\PatchWebsiteCode\\node_modules\\@img\\sharp-win32-x64': 'C:\\Users\\LeahN\\Desktop\\PatchWeb\\PatchWebsite\\PatchWebsiteCode\\node_modules\\@img\\.sharp-win32-x64-WL4vbIPE',
275 silly reify   'C:\\Users\\LeahN\\Desktop\\PatchWeb\\PatchWebsite\\PatchWebsiteCode\\node_modules\\@jridgewell\\sourcemap-codec': 'C:\\Users\\LeahN\\Desktop\\PatchWeb\\PatchWebsite\\PatchWebsiteCode\\node_modules\\@jridgewell\\.sourcemap-codec-Ql4A2jRX',
275 silly reify   'C:\\Users\\LeahN\\Desktop\\PatchWeb\\PatchWebsite\\PatchWebsiteCode\\node_modules\\@oslojs\\encoding': 'C:\\Users\\LeahN\\Desktop\\PatchWeb\\PatchWebsite\\PatchWebsiteCode\\node_modules\\@oslojs\\.encoding-HbHSRPLU',
275 silly reify   'C:\\Users\\LeahN\\Desktop\\PatchWeb\\PatchWebsite\\PatchWebsiteCode\\node_modules\\@rollup\\pluginutils': 'C:\\Users\\LeahN\\Desktop\\PatchWeb\\PatchWebsite\\PatchWebsiteCode\\node_modules\\@rollup\\.pluginutils-7qRJETFI',
275 silly reify   'C:\\Users\\LeahN\\Desktop\\PatchWeb\\PatchWebsite\\PatchWebsiteCode\\node_modules\\@rollup\\rollup-win32-x64-msvc': 'C:\\Users\\LeahN\\Desktop\\PatchWeb\\PatchWebsite\\PatchWebsiteCode\\node_modules\\@rollup\\.rollup-win32-x64-msvc-fyr0OmdZ',
275 silly reify   'C:\\Users\\LeahN\\Desktop\\PatchWeb\\PatchWebsite\\PatchWebsiteCode\\node_modules\\@shikijs\\core': 'C:\\Users\\LeahN\\Desktop\\PatchWeb\\PatchWebsite\\PatchWebsiteCode\\node_modules\\@shikijs\\.core-43rdjcxp',
275 silly reify   'C:\\Users\\LeahN\\Desktop\\PatchWeb\\PatchWebsite\\PatchWebsiteCode\\node_modules\\@shikijs\\engine-javascript': 'C:\\Users\\LeahN\\Desktop\\PatchWeb\\PatchWebsite\\PatchWebsiteCode\\node_modules\\@shikijs\\.engine-javascript-PWRJ9oI3',
275 silly reify   'C:\\Users\\LeahN\\Desktop\\PatchWeb\\PatchWebsite\\PatchWebsiteCode\\node_modules\\@shikijs\\engine-oniguruma': 'C:\\Users\\LeahN\\Desktop\\PatchWeb\\PatchWebsite\\PatchWebsiteCode\\node_modules\\@shikijs\\.engine-oniguruma-B5LK8FKI',
275 silly reify   'C:\\Users\\LeahN\\Desktop\\PatchWeb\\PatchWebsite\\PatchWebsiteCode\\node_modules\\@shikijs\\langs': 'C:\\Users\\LeahN\\Desktop\\PatchWeb\\PatchWebsite\\PatchWebsiteCode\\node_modules\\@shikijs\\.langs-bFNMSG4J',
275 silly reify   'C:\\Users\\LeahN\\Desktop\\PatchWeb\\PatchWebsite\\PatchWebsiteCode\\node_modules\\@shikijs\\themes': 'C:\\Users\\LeahN\\Desktop\\PatchWeb\\PatchWebsite\\PatchWebsiteCode\\node_modules\\@shikijs\\.themes-K5BbCyO9',
275 silly reify   'C:\\Users\\LeahN\\Desktop\\PatchWeb\\PatchWebsite\\PatchWebsiteCode\\node_modules\\@shikijs\\vscode-textmate': 'C:\\Users\\LeahN\\Desktop\\PatchWeb\\PatchWebsite\\PatchWebsiteCode\\node_modules\\@shikijs\\.vscode-textmate-yv9CBhnQ',
275 silly reify   'C:\\Users\\LeahN\\Desktop\\PatchWeb\\PatchWebsite\\PatchWebsiteCode\\node_modules\\@swc\\helpers': 'C:\\Users\\LeahN\\Desktop\\PatchWeb\\PatchWebsite\\PatchWebsiteCode\\node_modules\\@swc\\.helpers-Ip4Fe8EN',
275 silly reify   'C:\\Users\\LeahN\\Desktop\\PatchWeb\\PatchWebsite\\PatchWebsiteCode\\node_modules\\@shikijs\\types': 'C:\\Users\\LeahN\\Desktop\\PatchWeb\\PatchWebsite\\PatchWebsiteCode\\node_modules\\@shikijs\\.types-5QuWBDn2',
275 silly reify   'C:\\Users\\LeahN\\Desktop\\PatchWeb\\PatchWebsite\\PatchWebsiteCode\\node_modules\\@types\\debug': 'C:\\Users\\LeahN\\Desktop\\PatchWeb\\PatchWebsite\\PatchWebsiteCode\\node_modules\\@types\\.debug-h6iBy3Ju',
275 silly reify   'C:\\Users\\LeahN\\Desktop\\PatchWeb\\PatchWebsite\\PatchWebsiteCode\\node_modules\\@types\\fontkit': 'C:\\Users\\LeahN\\Desktop\\PatchWeb\\PatchWebsite\\PatchWebsiteCode\\node_modules\\@types\\.fontkit-XDDpeKkb',
275 silly reify   'C:\\Users\\LeahN\\Desktop\\PatchWeb\\PatchWebsite\\PatchWebsiteCode\\node_modules\\@types\\hast': 'C:\\Users\\LeahN\\Desktop\\PatchWeb\\PatchWebsite\\PatchWebsiteCode\\node_modules\\@types\\.hast-Gpz1JQcD',
275 silly reify   'C:\\Users\\LeahN\\Desktop\\PatchWeb\\PatchWebsite\\PatchWebsiteCode\\node_modules\\@types\\mdast': 'C:\\Users\\LeahN\\Desktop\\PatchWeb\\PatchWebsite\\PatchWebsiteCode\\node_modules\\@types\\.mdast-n0To1iSh',
275 silly reify   'C:\\Users\\LeahN\\Desktop\\PatchWeb\\PatchWebsite\\PatchWebsiteCode\\node_modules\\@types\\ms': 'C:\\Users\\LeahN\\Desktop\\PatchWeb\\PatchWebsite\\PatchWebsiteCode\\node_modules\\@types\\.ms-Wsfb4g7h',
275 silly reify   'C:\\Users\\LeahN\\Desktop\\PatchWeb\\PatchWebsite\\PatchWebsiteCode\\node_modules\\@types\\nlcst': 'C:\\Users\\LeahN\\Desktop\\PatchWeb\\PatchWebsite\\PatchWebsiteCode\\node_modules\\@types\\.nlcst-KsHd4uxb',
275 silly reify   'C:\\Users\\LeahN\\Desktop\\PatchWeb\\PatchWebsite\\PatchWebsiteCode\\node_modules\\@types\\node': 'C:\\Users\\LeahN\\Desktop\\PatchWeb\\PatchWebsite\\PatchWebsiteCode\\node_modules\\@types\\.node-WJn1BgtQ',
275 silly reify   'C:\\Users\\LeahN\\Desktop\\PatchWeb\\PatchWebsite\\PatchWebsiteCode\\node_modules\\@types\\unist': 'C:\\Users\\LeahN\\Desktop\\PatchWeb\\PatchWebsite\\PatchWebsiteCode\\node_modules\\@types\\.unist-cSA3WyOx',
275 silly reify   'C:\\Users\\LeahN\\Desktop\\PatchWeb\\PatchWebsite\\PatchWebsiteCode\\node_modules\\@ungap\\structured-clone': 'C:\\Users\\LeahN\\Desktop\\PatchWeb\\PatchWebsite\\PatchWebsiteCode\\node_modules\\@ungap\\.structured-clone-WVC0HshS',
275 silly reify   'C:\\Users\\LeahN\\Desktop\\PatchWeb\\PatchWebsite\\PatchWebsiteCode\\node_modules\\anymatch\\node_modules\\picomatch': 'C:\\Users\\LeahN\\Desktop\\PatchWeb\\PatchWebsite\\PatchWebsiteCode\\node_modules\\anymatch\\node_modules\\.picomatch-r17sbnSx'
275 silly reify }
276 silly audit bulk request {
276 silly audit   '@astrojs/compiler': [ '2.12.2' ],
276 silly audit   '@astrojs/internal-helpers': [ '0.6.1' ],
276 silly audit   '@astrojs/markdown-remark': [ '6.3.3' ],
276 silly audit   '@astrojs/prism': [ '3.3.0' ],
276 silly audit   '@astrojs/telemetry': [ '3.3.0' ],
276 silly audit   '@babel/helper-string-parser': [ '7.27.1' ],
276 silly audit   '@babel/helper-validator-identifier': [ '7.27.1' ],
276 silly audit   '@babel/parser': [ '7.28.0' ],
276 silly audit   '@babel/types': [ '7.28.2' ],
276 silly audit   '@capsizecss/unpack': [ '2.4.0' ],
276 silly audit   '@emnapi/runtime': [ '1.4.5' ],
276 silly audit   '@esbuild/aix-ppc64': [ '0.25.8' ],
276 silly audit   '@esbuild/android-arm': [ '0.25.8' ],
276 silly audit   '@esbuild/android-arm64': [ '0.25.8' ],
276 silly audit   '@esbuild/android-x64': [ '0.25.8' ],
276 silly audit   '@esbuild/darwin-arm64': [ '0.25.8' ],
276 silly audit   '@esbuild/darwin-x64': [ '0.25.8' ],
276 silly audit   '@esbuild/freebsd-arm64': [ '0.25.8' ],
276 silly audit   '@esbuild/freebsd-x64': [ '0.25.8' ],
276 silly audit   '@esbuild/linux-arm': [ '0.25.8' ],
276 silly audit   '@esbuild/linux-arm64': [ '0.25.8' ],
276 silly audit   '@esbuild/linux-ia32': [ '0.25.8' ],
276 silly audit   '@esbuild/linux-loong64': [ '0.25.8' ],
276 silly audit   '@esbuild/linux-mips64el': [ '0.25.8' ],
276 silly audit   '@esbuild/linux-ppc64': [ '0.25.8' ],
276 silly audit   '@esbuild/linux-riscv64': [ '0.25.8' ],
276 silly audit   '@esbuild/linux-s390x': [ '0.25.8' ],
276 silly audit   '@esbuild/linux-x64': [ '0.25.8' ],
276 silly audit   '@esbuild/netbsd-arm64': [ '0.25.8' ],
276 silly audit   '@esbuild/netbsd-x64': [ '0.25.8' ],
276 silly audit   '@esbuild/openbsd-arm64': [ '0.25.8' ],
276 silly audit   '@esbuild/openbsd-x64': [ '0.25.8' ],
276 silly audit   '@esbuild/openharmony-arm64': [ '0.25.8' ],
276 silly audit   '@esbuild/sunos-x64': [ '0.25.8' ],
276 silly audit   '@esbuild/win32-arm64': [ '0.25.8' ],
276 silly audit   '@esbuild/win32-ia32': [ '0.25.8' ],
276 silly audit   '@esbuild/win32-x64': [ '0.25.8' ],
276 silly audit   '@img/sharp-darwin-arm64': [ '0.33.5' ],
276 silly audit   '@img/sharp-darwin-x64': [ '0.33.5' ],
276 silly audit   '@img/sharp-libvips-darwin-arm64': [ '1.0.4' ],
276 silly audit   '@img/sharp-libvips-darwin-x64': [ '1.0.4' ],
276 silly audit   '@img/sharp-libvips-linux-arm': [ '1.0.5' ],
276 silly audit   '@img/sharp-libvips-linux-arm64': [ '1.0.4' ],
276 silly audit   '@img/sharp-libvips-linux-s390x': [ '1.0.4' ],
276 silly audit   '@img/sharp-libvips-linux-x64': [ '1.0.4' ],
276 silly audit   '@img/sharp-libvips-linuxmusl-arm64': [ '1.0.4' ],
276 silly audit   '@img/sharp-libvips-linuxmusl-x64': [ '1.0.4' ],
276 silly audit   '@img/sharp-linux-arm': [ '0.33.5' ],
276 silly audit   '@img/sharp-linux-arm64': [ '0.33.5' ],
276 silly audit   '@img/sharp-linux-s390x': [ '0.33.5' ],
276 silly audit   '@img/sharp-linux-x64': [ '0.33.5' ],
276 silly audit   '@img/sharp-linuxmusl-arm64': [ '0.33.5' ],
276 silly audit   '@img/sharp-linuxmusl-x64': [ '0.33.5' ],
276 silly audit   '@img/sharp-wasm32': [ '0.33.5' ],
276 silly audit   '@img/sharp-win32-ia32': [ '0.33.5' ],
276 silly audit   '@img/sharp-win32-x64': [ '0.33.5' ],
276 silly audit   '@jridgewell/sourcemap-codec': [ '1.5.4' ],
276 silly audit   '@oslojs/encoding': [ '1.1.0' ],
276 silly audit   '@rollup/pluginutils': [ '5.2.0' ],
276 silly audit   'estree-walker': [ '2.0.2', '3.0.3' ],
276 silly audit   '@rollup/rollup-android-arm-eabi': [ '4.46.1' ],
276 silly audit   '@rollup/rollup-android-arm64': [ '4.46.1' ],
276 silly audit   '@rollup/rollup-darwin-arm64': [ '4.46.1' ],
276 silly audit   '@rollup/rollup-darwin-x64': [ '4.46.1' ],
276 silly audit   '@rollup/rollup-freebsd-arm64': [ '4.46.1' ],
276 silly audit   '@rollup/rollup-freebsd-x64': [ '4.46.1' ],
276 silly audit   '@rollup/rollup-linux-arm-gnueabihf': [ '4.46.1' ],
276 silly audit   '@rollup/rollup-linux-arm-musleabihf': [ '4.46.1' ],
276 silly audit   '@rollup/rollup-linux-arm64-gnu': [ '4.46.1' ],
276 silly audit   '@rollup/rollup-linux-arm64-musl': [ '4.46.1' ],
276 silly audit   '@rollup/rollup-linux-loongarch64-gnu': [ '4.46.1' ],
276 silly audit   '@rollup/rollup-linux-ppc64-gnu': [ '4.46.1' ],
276 silly audit   '@rollup/rollup-linux-riscv64-gnu': [ '4.46.1' ],
276 silly audit   '@rollup/rollup-linux-riscv64-musl': [ '4.46.1' ],
276 silly audit   '@rollup/rollup-linux-s390x-gnu': [ '4.46.1' ],
276 silly audit   '@rollup/rollup-linux-x64-gnu': [ '4.46.1' ],
276 silly audit   '@rollup/rollup-linux-x64-musl': [ '4.46.1' ],
276 silly audit   '@rollup/rollup-win32-arm64-msvc': [ '4.46.1' ],
276 silly audit   '@rollup/rollup-win32-ia32-msvc': [ '4.46.1' ],
276 silly audit   '@rollup/rollup-win32-x64-msvc': [ '4.46.1' ],
276 silly audit   '@shikijs/core': [ '3.8.1' ],
276 silly audit   '@shikijs/engine-javascript': [ '3.8.1' ],
276 silly audit   '@shikijs/engine-oniguruma': [ '3.8.1' ],
276 silly audit   '@shikijs/langs': [ '3.8.1' ],
276 silly audit   '@shikijs/themes': [ '3.8.1' ],
276 silly audit   '@shikijs/types': [ '3.8.1' ],
276 silly audit   '@shikijs/vscode-textmate': [ '10.0.2' ],
276 silly audit   '@swc/helpers': [ '0.5.17' ],
276 silly audit   '@types/debug': [ '4.1.12' ],
276 silly audit   '@types/estree': [ '1.0.8' ],
276 silly audit   '@types/fontkit': [ '2.0.8' ],
276 silly audit   '@types/hast': [ '3.0.4' ],
276 silly audit   '@types/mdast': [ '4.0.4' ],
276 silly audit   '@types/ms': [ '2.1.0' ],
276 silly audit   '@types/nlcst': [ '2.0.3' ],
276 silly audit   '@types/node': [ '24.1.0' ],
276 silly audit   '@types/unist': [ '3.0.3' ],
276 silly audit   '@ungap/structured-clone': [ '1.3.0' ],
276 silly audit   acorn: [ '8.15.0' ],
276 silly audit   'ansi-align': [ '3.0.1' ],
276 silly audit   'ansi-regex': [ '5.0.1', '6.1.0' ],
276 silly audit   'emoji-regex': [ '8.0.0', '10.4.0' ],
276 silly audit   'string-width': [ '4.2.3', '7.2.0' ],
276 silly audit   'strip-ansi': [ '6.0.1', '7.1.0' ],
276 silly audit   'ansi-styles': [ '6.2.1' ],
276 silly audit   anymatch: [ '3.1.3' ],
276 silly audit   picomatch: [ '2.3.1', '4.0.3' ],
276 silly audit   argparse: [ '2.0.1' ],
276 silly audit   'aria-query': [ '5.3.2' ],
276 silly audit   'array-iterate': [ '2.0.1' ],
276 silly audit   astro: [ '5.12.3' ],
276 silly audit   'axobject-query': [ '4.1.0' ],
276 silly audit   bail: [ '2.0.2' ],
276 silly audit   'base-64': [ '1.0.0' ],
276 silly audit   'base64-js': [ '1.5.1' ],
276 silly audit   'blob-to-buffer': [ '1.2.9' ],
276 silly audit   boxen: [ '8.0.1' ],
276 silly audit   brotli: [ '1.3.3' ],
276 silly audit   camelcase: [ '8.0.0' ],
276 silly audit   ccount: [ '2.0.1' ],
276 silly audit   chalk: [ '5.4.1' ],
276 silly audit   'character-entities': [ '2.0.2' ],
276 silly audit   'character-entities-html4': [ '2.1.0' ],
276 silly audit   'character-entities-legacy': [ '3.0.0' ],
276 silly audit   chokidar: [ '4.0.3' ],
276 silly audit   'ci-info': [ '4.3.0' ],
276 silly audit   'cli-boxes': [ '3.0.0' ],
276 silly audit   clone: [ '2.1.2' ],
276 silly audit   clsx: [ '2.1.1' ],
276 silly audit   color: [ '4.2.3' ],
276 silly audit   'color-convert': [ '2.0.1' ],
276 silly audit   'color-name': [ '1.1.4' ],
276 silly audit   'color-string': [ '1.9.1' ],
276 silly audit   'comma-separated-tokens': [ '2.0.3' ],
276 silly audit   'common-ancestor-path': [ '1.0.1' ],
276 silly audit   cookie: [ '1.0.2' ],
276 silly audit   'cookie-es': [ '1.2.2' ],
276 silly audit   'cross-fetch': [ '3.2.0' ],
276 silly audit   crossws: [ '0.3.5' ],
276 silly audit   'css-tree': [ '3.1.0' ],
276 silly audit   cssesc: [ '3.0.0' ],
276 silly audit   debug: [ '4.4.1' ],
276 silly audit   'decode-named-character-reference': [ '1.2.0' ],
276 silly audit   defu: [ '6.1.4' ],
276 silly audit   dequal: [ '2.0.3' ],
276 silly audit   destr: [ '2.0.5' ],
276 silly audit   'detect-libc': [ '2.0.4' ],
276 silly audit   'deterministic-object-hash': [ '2.0.2' ],
276 silly audit   devalue: [ '5.1.1' ],
276 silly audit   devlop: [ '1.1.0' ],
276 silly audit   dfa: [ '1.2.0' ],
276 silly audit   diff: [ '5.2.0' ],
276 silly audit   dlv: [ '1.1.3' ],
276 silly audit   dset: [ '3.1.4' ],
276 silly audit   entities: [ '6.0.1' ],
276 silly audit   'es-module-lexer': [ '1.7.0' ],
276 silly audit   esbuild: [ '0.25.8' ],
276 silly audit   'escape-string-regexp': [ '5.0.0' ],
276 silly audit   eventemitter3: [ '5.0.1' ],
276 silly audit   extend: [ '3.0.2' ],
276 silly audit   'fast-deep-equal': [ '3.1.3' ],
276 silly audit   fdir: [ '6.4.6' ],
276 silly audit   flattie: [ '1.1.1' ],
276 silly audit   fontace: [ '0.3.0' ],
276 silly audit   fontkit: [ '2.0.4' ],
276 silly audit   fsevents: [ '2.3.3' ],
276 silly audit   'get-east-asian-width': [ '1.3.0' ],
276 silly audit   'github-slugger': [ '2.0.0' ],
276 silly audit   h3: [ '1.15.3' ],
276 silly audit   'hast-util-from-html': [ '2.0.3' ],
276 silly audit   'hast-util-from-parse5': [ '8.0.3' ],
276 silly audit   'hast-util-is-element': [ '3.0.0' ],
276 silly audit   'hast-util-parse-selector': [ '4.0.0' ],
276 silly audit   'hast-util-raw': [ '9.1.0' ],
276 silly audit   'hast-util-to-html': [ '9.0.5' ],
276 silly audit   'hast-util-to-parse5': [ '8.0.0' ],
276 silly audit   'property-information': [ '6.5.0', '7.1.0' ],
276 silly audit   'hast-util-to-text': [ '4.0.2' ],
276 silly audit   'hast-util-whitespace': [ '3.0.0' ],
276 silly audit   hastscript: [ '9.0.1' ],
276 silly audit   'html-escaper': [ '3.0.3' ],
276 silly audit   'html-void-elements': [ '3.0.0' ],
276 silly audit   'http-cache-semantics': [ '4.2.0' ],
276 silly audit   'import-meta-resolve': [ '4.1.0' ],
276 silly audit   'iron-webcrypto': [ '1.2.1' ],
276 silly audit   'is-arrayish': [ '0.3.2' ],
276 silly audit   'is-docker': [ '3.0.0' ],
276 silly audit   'is-fullwidth-code-point': [ '3.0.0' ],
276 silly audit   'is-inside-container': [ '1.0.0' ],
276 silly audit   'is-plain-obj': [ '4.1.0' ],
276 silly audit   'is-wsl': [ '3.1.0' ],
276 silly audit   'js-yaml': [ '4.1.0' ],
276 silly audit   kleur: [ '4.1.5', '3.0.3' ],
276 silly audit   'longest-streak': [ '3.1.0' ],
276 silly audit   'lru-cache': [ '10.4.3' ],
276 silly audit   'magic-string': [ '0.30.17' ],
276 silly audit   magicast: [ '0.3.5' ],
276 silly audit   'markdown-table': [ '3.0.4' ],
276 silly audit   'mdast-util-definitions': [ '6.0.0' ],
276 silly audit   'mdast-util-find-and-replace': [ '3.0.2' ],
276 silly audit   'mdast-util-from-markdown': [ '2.0.2' ],
276 silly audit   'mdast-util-gfm': [ '3.1.0' ],
276 silly audit   'mdast-util-gfm-autolink-literal': [ '2.0.1' ],
276 silly audit   'mdast-util-gfm-footnote': [ '2.1.0' ],
276 silly audit   'mdast-util-gfm-strikethrough': [ '2.0.0' ],
276 silly audit   'mdast-util-gfm-table': [ '2.0.0' ],
276 silly audit   'mdast-util-gfm-task-list-item': [ '2.0.0' ],
276 silly audit   'mdast-util-phrasing': [ '4.1.0' ],
276 silly audit   'mdast-util-to-hast': [ '13.2.0' ],
276 silly audit   'mdast-util-to-markdown': [ '2.1.2' ],
276 silly audit   'mdast-util-to-string': [ '4.0.0' ],
276 silly audit   'mdn-data': [ '2.12.2' ],
276 silly audit   micromark: [ '4.0.2' ],
276 silly audit   'micromark-core-commonmark': [ '2.0.3' ],
276 silly audit   'micromark-extension-gfm': [ '3.0.0' ],
276 silly audit   'micromark-extension-gfm-autolink-literal': [ '2.1.0' ],
276 silly audit   'micromark-extension-gfm-footnote': [ '2.1.0' ],
276 silly audit   'micromark-extension-gfm-strikethrough': [ '2.1.0' ],
276 silly audit   'micromark-extension-gfm-table': [ '2.1.1' ],
276 silly audit   'micromark-extension-gfm-tagfilter': [ '2.0.0' ],
276 silly audit   'micromark-extension-gfm-task-list-item': [ '2.1.0' ],
276 silly audit   'micromark-factory-destination': [ '2.0.1' ],
276 silly audit   'micromark-factory-label': [ '2.0.1' ],
276 silly audit   'micromark-factory-space': [ '2.0.1' ],
276 silly audit   'micromark-factory-title': [ '2.0.1' ],
276 silly audit   'micromark-factory-whitespace': [ '2.0.1' ],
276 silly audit   'micromark-util-character': [ '2.1.1' ],
276 silly audit   'micromark-util-chunked': [ '2.0.1' ],
276 silly audit   'micromark-util-classify-character': [ '2.0.1' ],
276 silly audit   'micromark-util-combine-extensions': [ '2.0.1' ],
276 silly audit   'micromark-util-decode-numeric-character-reference': [ '2.0.2' ],
276 silly audit   'micromark-util-decode-string': [ '2.0.1' ],
276 silly audit   'micromark-util-encode': [ '2.0.1' ],
276 silly audit   'micromark-util-html-tag-name': [ '2.0.1' ],
276 silly audit   'micromark-util-normalize-identifier': [ '2.0.1' ],
276 silly audit   'micromark-util-resolve-all': [ '2.0.1' ],
276 silly audit   'micromark-util-sanitize-uri': [ '2.0.1' ],
276 silly audit   'micromark-util-subtokenize': [ '2.1.0' ],
276 silly audit   'micromark-util-symbol': [ '2.0.1' ],
276 silly audit   'micromark-util-types': [ '2.0.2' ],
276 silly audit   mrmime: [ '2.0.1' ],
276 silly audit   ms: [ '2.1.3' ],
276 silly audit   nanoid: [ '3.3.11' ],
276 silly audit   neotraverse: [ '0.6.18' ],
276 silly audit   'nlcst-to-string': [ '4.0.0' ],
276 silly audit   'node-fetch': [ '2.7.0' ],
276 silly audit   'node-fetch-native': [ '1.6.6' ],
276 silly audit   'node-mock-http': [ '1.0.1' ],
276 silly audit   'normalize-path': [ '3.0.0' ],
276 silly audit   ofetch: [ '1.4.1' ],
276 silly audit   ohash: [ '2.0.11' ],
276 silly audit   'oniguruma-parser': [ '0.12.1' ],
276 silly audit   'oniguruma-to-es': [ '4.3.3' ],
276 silly audit   'p-limit': [ '6.2.0' ],
276 silly audit   'p-queue': [ '8.1.0' ],
276 silly audit   'p-timeout': [ '6.1.4' ],
276 silly audit   'package-manager-detector': [ '1.3.0' ],
276 silly audit   pako: [ '0.2.9' ],
276 silly audit   'parse-latin': [ '7.0.0' ],
276 silly audit   parse5: [ '7.3.0' ],
276 silly audit   picocolors: [ '1.1.1' ],
276 silly audit   postcss: [ '8.5.6' ],
276 silly audit   prismjs: [ '1.30.0' ],
276 silly audit   prompts: [ '2.4.2' ],
276 silly audit   radix3: [ '1.1.2' ],
276 silly audit   readdirp: [ '4.1.2' ],
276 silly audit   regex: [ '6.0.1' ],
276 silly audit   'regex-recursion': [ '6.0.2' ],
276 silly audit   'regex-utilities': [ '2.3.0' ],
276 silly audit   rehype: [ '13.0.2' ],
276 silly audit   'rehype-parse': [ '9.0.1' ],
276 silly audit   'rehype-raw': [ '7.0.0' ],
276 silly audit   'rehype-stringify': [ '10.0.1' ],
276 silly audit   'remark-gfm': [ '4.0.1' ],
276 silly audit   'remark-parse': [ '11.0.0' ],
276 silly audit   'remark-rehype': [ '11.1.2' ],
276 silly audit   'remark-smartypants': [ '3.0.2' ],
276 silly audit   'remark-stringify': [ '11.0.0' ],
276 silly audit   restructure: [ '3.0.2' ],
276 silly audit   retext: [ '9.0.0' ],
276 silly audit   'retext-latin': [ '4.0.0' ],
276 silly audit   'retext-smartypants': [ '6.2.0' ],
276 silly audit   'retext-stringify': [ '4.0.0' ],
276 silly audit   rollup: [ '4.46.1' ],
276 silly audit   semver: [ '7.7.2' ],
276 silly audit   sharp: [ '0.33.5' ],
276 silly audit   shiki: [ '3.8.1' ],
276 silly audit   'simple-swizzle': [ '0.2.2' ],
276 silly audit   sisteransi: [ '1.0.5' ],
276 silly audit   'smol-toml': [ '1.4.1' ],
276 silly audit   'source-map-js': [ '1.2.1' ],
276 silly audit   'space-separated-tokens': [ '2.0.2' ],
276 silly audit   'stringify-entities': [ '4.0.4' ],
276 silly audit   'tiny-inflate': [ '1.0.3' ],
276 silly audit   tinyexec: [ '0.3.2' ],
276 silly audit   tinyglobby: [ '0.2.14' ],
276 silly audit   tr46: [ '0.0.3' ],
276 silly audit   'trim-lines': [ '3.0.1' ],
276 silly audit   trough: [ '2.2.0' ],
276 silly audit   tsconfck: [ '3.1.6' ],
276 silly audit   tslib: [ '2.8.1' ],
276 silly audit   'type-fest': [ '4.41.0' ],
276 silly audit   typescript: [ '5.8.3' ],
276 silly audit   ufo: [ '1.6.1' ],
276 silly audit   ultrahtml: [ '1.6.0' ],
276 silly audit   uncrypto: [ '0.1.3' ],
276 silly audit   'undici-types': [ '7.8.0' ],
276 silly audit   'unicode-properties': [ '1.4.1' ],
276 silly audit   'unicode-trie': [ '2.0.0' ],
276 silly audit   unified: [ '11.0.5' ],
276 silly audit   unifont: [ '0.5.2' ],
276 silly audit   'unist-util-find-after': [ '5.0.0' ],
276 silly audit   'unist-util-is': [ '6.0.0' ],
276 silly audit   'unist-util-modify-children': [ '4.0.0' ],
276 silly audit   'unist-util-position': [ '5.0.0' ],
276 silly audit   'unist-util-remove-position': [ '5.0.0' ],
276 silly audit   'unist-util-stringify-position': [ '4.0.0' ],
276 silly audit   'unist-util-visit': [ '5.0.0' ],
276 silly audit   'unist-util-visit-children': [ '3.0.0' ],
276 silly audit   'unist-util-visit-parents': [ '6.0.1' ],
276 silly audit   unstorage: [ '1.16.1' ],
276 silly audit   vfile: [ '6.0.3' ],
276 silly audit   'vfile-location': [ '5.0.3' ],
276 silly audit   'vfile-message': [ '4.0.3' ],
276 silly audit   vite: [ '6.3.5' ],
276 silly audit   vitefu: [ '1.1.1' ],
276 silly audit   'web-namespaces': [ '2.0.1' ],
276 silly audit   'webidl-conversions': [ '3.0.1' ],
276 silly audit   'whatwg-url': [ '5.0.0' ],
276 silly audit   'which-pm-runs': [ '1.1.0' ],
276 silly audit   'widest-line': [ '5.0.0' ],
276 silly audit   'wrap-ansi': [ '9.0.0' ],
276 silly audit   'xxhash-wasm': [ '1.1.0' ],
276 silly audit   'yargs-parser': [ '21.1.1' ],
276 silly audit   'yocto-queue': [ '1.2.1' ],
276 silly audit   'yocto-spinner': [ '0.2.3' ],
276 silly audit   yoctocolors: [ '2.1.1' ],
276 silly audit   zod: [ '3.25.76' ],
276 silly audit   'zod-to-json-schema': [ '3.24.6' ],
276 silly audit   'zod-to-ts': [ '1.2.0' ],
276 silly audit   zwitch: [ '2.0.4' ]
276 silly audit }
277 http cache @ungap/structured-clone@https://registry.npmjs.org/@ungap/structured-clone/-/structured-clone-1.3.0.tgz 0ms (cache hit)
278 http cache @types/node@https://registry.npmjs.org/@types/node/-/node-24.1.0.tgz 1ms (cache hit)
279 http cache @types/unist@https://registry.npmjs.org/@types/unist/-/unist-3.0.3.tgz 0ms (cache hit)
280 http cache @types/ms@https://registry.npmjs.org/@types/ms/-/ms-2.1.0.tgz 0ms (cache hit)
281 http cache @types/nlcst@https://registry.npmjs.org/@types/nlcst/-/nlcst-2.0.3.tgz 0ms (cache hit)
282 http cache @types/debug@https://registry.npmjs.org/@types/debug/-/debug-4.1.12.tgz 0ms (cache hit)
283 http cache @types/mdast@https://registry.npmjs.org/@types/mdast/-/mdast-4.0.4.tgz 0ms (cache hit)
284 http cache @shikijs/types@https://registry.npmjs.org/@shikijs/types/-/types-3.8.1.tgz 0ms (cache hit)
285 http cache @swc/helpers@https://registry.npmjs.org/@swc/helpers/-/helpers-0.5.17.tgz 0ms (cache hit)
286 http cache @types/hast@https://registry.npmjs.org/@types/hast/-/hast-3.0.4.tgz 0ms (cache hit)
287 http cache @shikijs/themes@https://registry.npmjs.org/@shikijs/themes/-/themes-3.8.1.tgz 0ms (cache hit)
288 http cache @shikijs/vscode-textmate@https://registry.npmjs.org/@shikijs/vscode-textmate/-/vscode-textmate-10.0.2.tgz 0ms (cache hit)
289 http cache @types/fontkit@https://registry.npmjs.org/@types/fontkit/-/fontkit-2.0.8.tgz 0ms (cache hit)
290 http cache @rollup/pluginutils@https://registry.npmjs.org/@rollup/pluginutils/-/pluginutils-5.2.0.tgz 0ms (cache hit)
291 http cache @shikijs/langs@https://registry.npmjs.org/@shikijs/langs/-/langs-3.8.1.tgz 0ms (cache hit)
292 http cache @shikijs/engine-oniguruma@https://registry.npmjs.org/@shikijs/engine-oniguruma/-/engine-oniguruma-3.8.1.tgz 0ms (cache hit)
293 http cache @shikijs/engine-javascript@https://registry.npmjs.org/@shikijs/engine-javascript/-/engine-javascript-3.8.1.tgz 0ms (cache hit)
294 http cache @rollup/rollup-win32-x64-msvc@https://registry.npmjs.org/@rollup/rollup-win32-x64-msvc/-/rollup-win32-x64-msvc-4.46.1.tgz 0ms (cache hit)
295 http cache @jridgewell/sourcemap-codec@https://registry.npmjs.org/@jridgewell/sourcemap-codec/-/sourcemap-codec-1.5.4.tgz 0ms (cache hit)
296 http cache @esbuild/win32-x64@https://registry.npmjs.org/@esbuild/win32-x64/-/win32-x64-0.25.8.tgz 0ms (cache hit)
297 http cache @oslojs/encoding@https://registry.npmjs.org/@oslojs/encoding/-/encoding-1.1.0.tgz 0ms (cache hit)
298 http cache @shikijs/core@https://registry.npmjs.org/@shikijs/core/-/core-3.8.1.tgz 0ms (cache hit)
299 http cache @capsizecss/unpack@https://registry.npmjs.org/@capsizecss/unpack/-/unpack-2.4.0.tgz 0ms (cache hit)
300 http cache @img/sharp-win32-x64@https://registry.npmjs.org/@img/sharp-win32-x64/-/sharp-win32-x64-0.33.5.tgz 0ms (cache hit)
301 http cache @astrojs/prism@https://registry.npmjs.org/@astrojs/prism/-/prism-3.3.0.tgz 0ms (cache hit)
302 http cache @astrojs/telemetry@https://registry.npmjs.org/@astrojs/telemetry/-/telemetry-3.3.0.tgz 0ms (cache hit)
303 http cache @babel/parser@https://registry.npmjs.org/@babel/parser/-/parser-7.28.0.tgz 0ms (cache hit)
304 http cache @babel/types@https://registry.npmjs.org/@babel/types/-/types-7.28.2.tgz 0ms (cache hit)
305 http cache @babel/helper-validator-identifier@https://registry.npmjs.org/@babel/helper-validator-identifier/-/helper-validator-identifier-7.27.1.tgz 0ms (cache hit)
306 http cache @astrojs/internal-helpers@https://registry.npmjs.org/@astrojs/internal-helpers/-/internal-helpers-0.6.1.tgz 0ms (cache hit)
307 http cache zwitch@https://registry.npmjs.org/zwitch/-/zwitch-2.0.4.tgz 0ms (cache hit)
308 http cache @astrojs/markdown-remark@https://registry.npmjs.org/@astrojs/markdown-remark/-/markdown-remark-6.3.3.tgz 0ms (cache hit)
309 http cache zod-to-ts@https://registry.npmjs.org/zod-to-ts/-/zod-to-ts-1.2.0.tgz 0ms (cache hit)
310 http cache @astrojs/compiler@https://registry.npmjs.org/@astrojs/compiler/-/compiler-2.12.2.tgz 0ms (cache hit)
311 http cache zod@https://registry.npmjs.org/zod/-/zod-3.25.76.tgz 0ms (cache hit)
312 http cache zod-to-json-schema@https://registry.npmjs.org/zod-to-json-schema/-/zod-to-json-schema-3.24.6.tgz 0ms (cache hit)
313 http cache yocto-spinner@https://registry.npmjs.org/yocto-spinner/-/yocto-spinner-0.2.3.tgz 0ms (cache hit)
314 http cache yocto-queue@https://registry.npmjs.org/yocto-queue/-/yocto-queue-1.2.1.tgz 0ms (cache hit)
315 http cache yargs-parser@https://registry.npmjs.org/yargs-parser/-/yargs-parser-21.1.1.tgz 0ms (cache hit)
316 http cache yoctocolors@https://registry.npmjs.org/yoctocolors/-/yoctocolors-2.1.1.tgz 0ms (cache hit)
317 http cache xxhash-wasm@https://registry.npmjs.org/xxhash-wasm/-/xxhash-wasm-1.1.0.tgz 0ms (cache hit)
318 http cache widest-line@https://registry.npmjs.org/widest-line/-/widest-line-5.0.0.tgz 0ms (cache hit)
319 http cache wrap-ansi@https://registry.npmjs.org/wrap-ansi/-/wrap-ansi-9.0.0.tgz 0ms (cache hit)
320 http cache whatwg-url@https://registry.npmjs.org/whatwg-url/-/whatwg-url-5.0.0.tgz 0ms (cache hit)
321 http cache webidl-conversions@https://registry.npmjs.org/webidl-conversions/-/webidl-conversions-3.0.1.tgz 0ms (cache hit)
322 http cache web-namespaces@https://registry.npmjs.org/web-namespaces/-/web-namespaces-2.0.1.tgz 0ms (cache hit)
323 http cache which-pm-runs@https://registry.npmjs.org/which-pm-runs/-/which-pm-runs-1.1.0.tgz 0ms (cache hit)
324 http cache vitefu@https://registry.npmjs.org/vitefu/-/vitefu-1.1.1.tgz 0ms (cache hit)
325 http cache vite@https://registry.npmjs.org/vite/-/vite-6.3.5.tgz 0ms (cache hit)
326 http cache vfile-message@https://registry.npmjs.org/vfile-message/-/vfile-message-4.0.3.tgz 0ms (cache hit)
327 http cache unstorage@https://registry.npmjs.org/unstorage/-/unstorage-1.16.1.tgz 0ms (cache hit)
328 http cache vfile@https://registry.npmjs.org/vfile/-/vfile-6.0.3.tgz 0ms (cache hit)
329 http cache vfile-location@https://registry.npmjs.org/vfile-location/-/vfile-location-5.0.3.tgz 0ms (cache hit)
330 http cache unist-util-visit-parents@https://registry.npmjs.org/unist-util-visit-parents/-/unist-util-visit-parents-6.0.1.tgz 0ms (cache hit)
331 http cache unist-util-visit-children@https://registry.npmjs.org/unist-util-visit-children/-/unist-util-visit-children-3.0.0.tgz 0ms (cache hit)
332 http cache unist-util-modify-children@https://registry.npmjs.org/unist-util-modify-children/-/unist-util-modify-children-4.0.0.tgz 0ms (cache hit)
333 http cache unist-util-stringify-position@https://registry.npmjs.org/unist-util-stringify-position/-/unist-util-stringify-position-4.0.0.tgz 0ms (cache hit)
334 http cache unist-util-visit@https://registry.npmjs.org/unist-util-visit/-/unist-util-visit-5.0.0.tgz 0ms (cache hit)
335 http cache unist-util-remove-position@https://registry.npmjs.org/unist-util-remove-position/-/unist-util-remove-position-5.0.0.tgz 0ms (cache hit)
336 http cache unist-util-position@https://registry.npmjs.org/unist-util-position/-/unist-util-position-5.0.0.tgz 0ms (cache hit)
337 http cache unist-util-is@https://registry.npmjs.org/unist-util-is/-/unist-util-is-6.0.0.tgz 0ms (cache hit)
338 http cache uncrypto@https://registry.npmjs.org/uncrypto/-/uncrypto-0.1.3.tgz 0ms (cache hit)
339 http cache unifont@https://registry.npmjs.org/unifont/-/unifont-0.5.2.tgz 0ms (cache hit)
340 http cache unified@https://registry.npmjs.org/unified/-/unified-11.0.5.tgz 1ms (cache hit)
341 http cache unicode-trie@https://registry.npmjs.org/unicode-trie/-/unicode-trie-2.0.0.tgz 0ms (cache hit)
342 http cache unist-util-find-after@https://registry.npmjs.org/unist-util-find-after/-/unist-util-find-after-5.0.0.tgz 0ms (cache hit)
343 http cache undici-types@https://registry.npmjs.org/undici-types/-/undici-types-7.8.0.tgz 0ms (cache hit)
344 http cache unicode-properties@https://registry.npmjs.org/unicode-properties/-/unicode-properties-1.4.1.tgz 0ms (cache hit)
345 http cache ultrahtml@https://registry.npmjs.org/ultrahtml/-/ultrahtml-1.6.0.tgz 0ms (cache hit)
346 http cache typescript@https://registry.npmjs.org/typescript/-/typescript-5.8.3.tgz 0ms (cache hit)
347 http cache type-fest@https://registry.npmjs.org/type-fest/-/type-fest-4.41.0.tgz 0ms (cache hit)
348 http cache ufo@https://registry.npmjs.org/ufo/-/ufo-1.6.1.tgz 0ms (cache hit)
349 http cache tsconfck@https://registry.npmjs.org/tsconfck/-/tsconfck-3.1.6.tgz 0ms (cache hit)
350 http cache trim-lines@https://registry.npmjs.org/trim-lines/-/trim-lines-3.0.1.tgz 0ms (cache hit)
351 http cache trough@https://registry.npmjs.org/trough/-/trough-2.2.0.tgz 0ms (cache hit)
352 http cache tinyexec@https://registry.npmjs.org/tinyexec/-/tinyexec-0.3.2.tgz 0ms (cache hit)
353 http cache tr46@https://registry.npmjs.org/tr46/-/tr46-0.0.3.tgz 0ms (cache hit)
354 http cache strip-ansi@https://registry.npmjs.org/strip-ansi/-/strip-ansi-7.1.0.tgz 0ms (cache hit)
355 http cache tinyglobby@https://registry.npmjs.org/tinyglobby/-/tinyglobby-0.2.14.tgz 0ms (cache hit)
356 http cache tiny-inflate@https://registry.npmjs.org/tiny-inflate/-/tiny-inflate-1.0.3.tgz 0ms (cache hit)
357 http cache string-width@https://registry.npmjs.org/string-width/-/string-width-7.2.0.tgz 0ms (cache hit)
358 http cache stringify-entities@https://registry.npmjs.org/stringify-entities/-/stringify-entities-4.0.4.tgz 0ms (cache hit)
359 http cache smol-toml@https://registry.npmjs.org/smol-toml/-/smol-toml-1.4.1.tgz 0ms (cache hit)
360 http cache simple-swizzle@https://registry.npmjs.org/simple-swizzle/-/simple-swizzle-0.2.2.tgz 0ms (cache hit)
361 http cache shiki@https://registry.npmjs.org/shiki/-/shiki-3.8.1.tgz 0ms (cache hit)
362 http cache sisteransi@https://registry.npmjs.org/sisteransi/-/sisteransi-1.0.5.tgz 0ms (cache hit)
363 http cache space-separated-tokens@https://registry.npmjs.org/space-separated-tokens/-/space-separated-tokens-2.0.2.tgz 0ms (cache hit)
364 http cache sharp@https://registry.npmjs.org/sharp/-/sharp-0.33.5.tgz 0ms (cache hit)
365 http cache semver@https://registry.npmjs.org/semver/-/semver-7.7.2.tgz 0ms (cache hit)
366 http cache retext-smartypants@https://registry.npmjs.org/retext-smartypants/-/retext-smartypants-6.2.0.tgz 0ms (cache hit)
367 http cache retext-stringify@https://registry.npmjs.org/retext-stringify/-/retext-stringify-4.0.0.tgz 0ms (cache hit)
368 http cache rollup@https://registry.npmjs.org/rollup/-/rollup-4.46.1.tgz 0ms (cache hit)
369 http cache retext-latin@https://registry.npmjs.org/retext-latin/-/retext-latin-4.0.0.tgz 0ms (cache hit)
370 http cache retext@https://registry.npmjs.org/retext/-/retext-9.0.0.tgz 0ms (cache hit)
371 http cache restructure@https://registry.npmjs.org/restructure/-/restructure-3.0.2.tgz 0ms (cache hit)
372 http cache remark-rehype@https://registry.npmjs.org/remark-rehype/-/remark-rehype-11.1.2.tgz 0ms (cache hit)
373 http cache remark-smartypants@https://registry.npmjs.org/remark-smartypants/-/remark-smartypants-3.0.2.tgz 0ms (cache hit)
374 http cache remark-stringify@https://registry.npmjs.org/remark-stringify/-/remark-stringify-11.0.0.tgz 0ms (cache hit)
375 http cache rehype-stringify@https://registry.npmjs.org/rehype-stringify/-/rehype-stringify-10.0.1.tgz 0ms (cache hit)
376 http cache remark-parse@https://registry.npmjs.org/remark-parse/-/remark-parse-11.0.0.tgz 0ms (cache hit)
377 http cache regex-utilities@https://registry.npmjs.org/regex-utilities/-/regex-utilities-2.3.0.tgz 0ms (cache hit)
378 http cache remark-gfm@https://registry.npmjs.org/remark-gfm/-/remark-gfm-4.0.1.tgz 0ms (cache hit)
379 http cache rehype-raw@https://registry.npmjs.org/rehype-raw/-/rehype-raw-7.0.0.tgz 0ms (cache hit)
380 http cache rehype@https://registry.npmjs.org/rehype/-/rehype-13.0.2.tgz 0ms (cache hit)
381 http cache regex-recursion@https://registry.npmjs.org/regex-recursion/-/regex-recursion-6.0.2.tgz 0ms (cache hit)
382 http cache rehype-parse@https://registry.npmjs.org/rehype-parse/-/rehype-parse-9.0.1.tgz 0ms (cache hit)
383 http cache regex@https://registry.npmjs.org/regex/-/regex-6.0.1.tgz 0ms (cache hit)
384 http cache readdirp@https://registry.npmjs.org/readdirp/-/readdirp-4.1.2.tgz 0ms (cache hit)
385 http cache property-information@https://registry.npmjs.org/property-information/-/property-information-7.1.0.tgz 0ms (cache hit)
386 http cache prompts@https://registry.npmjs.org/prompts/-/prompts-2.4.2.tgz 0ms (cache hit)
387 http cache radix3@https://registry.npmjs.org/radix3/-/radix3-1.1.2.tgz 0ms (cache hit)
388 http cache parse5@https://registry.npmjs.org/parse5/-/parse5-7.3.0.tgz 0ms (cache hit)
389 http cache prismjs@https://registry.npmjs.org/prismjs/-/prismjs-1.30.0.tgz 0ms (cache hit)
390 http cache nlcst-to-string@https://registry.npmjs.org/nlcst-to-string/-/nlcst-to-string-4.0.0.tgz 0ms (cache hit)
391 http cache p-timeout@https://registry.npmjs.org/p-timeout/-/p-timeout-6.1.4.tgz 0ms (cache hit)
392 http cache package-manager-detector@https://registry.npmjs.org/package-manager-detector/-/package-manager-detector-1.3.0.tgz 0ms (cache hit)
393 http cache pako@https://registry.npmjs.org/pako/-/pako-0.2.9.tgz 0ms (cache hit)
394 http cache parse-latin@https://registry.npmjs.org/parse-latin/-/parse-latin-7.0.0.tgz 0ms (cache hit)
395 http cache p-queue@https://registry.npmjs.org/p-queue/-/p-queue-8.1.0.tgz 0ms (cache hit)
396 http cache oniguruma-to-es@https://registry.npmjs.org/oniguruma-to-es/-/oniguruma-to-es-4.3.3.tgz 0ms (cache hit)
397 http cache p-limit@https://registry.npmjs.org/p-limit/-/p-limit-6.2.0.tgz 0ms (cache hit)
398 http cache ofetch@https://registry.npmjs.org/ofetch/-/ofetch-1.4.1.tgz 0ms (cache hit)
399 http cache oniguruma-parser@https://registry.npmjs.org/oniguruma-parser/-/oniguruma-parser-0.12.1.tgz 0ms (cache hit)
400 http cache node-mock-http@https://registry.npmjs.org/node-mock-http/-/node-mock-http-1.0.1.tgz 0ms (cache hit)
401 http cache ohash@https://registry.npmjs.org/ohash/-/ohash-2.0.11.tgz 0ms (cache hit)
402 http cache node-fetch-native@https://registry.npmjs.org/node-fetch-native/-/node-fetch-native-1.6.6.tgz 0ms (cache hit)
403 http cache neotraverse@https://registry.npmjs.org/neotraverse/-/neotraverse-0.6.18.tgz 0ms (cache hit)
404 http cache node-fetch@https://registry.npmjs.org/node-fetch/-/node-fetch-2.7.0.tgz 0ms (cache hit)
405 http cache html-escaper@https://registry.npmjs.org/html-escaper/-/html-escaper-3.0.3.tgz 0ms (cache hit)
406 http cache micromark-util-types@https://registry.npmjs.org/micromark-util-types/-/micromark-util-types-2.0.2.tgz 0ms (cache hit)
407 http cache nanoid@https://registry.npmjs.org/nanoid/-/nanoid-3.3.11.tgz 0ms (cache hit)
408 http cache micromark-util-subtokenize@https://registry.npmjs.org/micromark-util-subtokenize/-/micromark-util-subtokenize-2.1.0.tgz 0ms (cache hit)
409 http cache dset@https://registry.npmjs.org/dset/-/dset-3.1.4.tgz 0ms (cache hit)
410 http cache micromark-util-sanitize-uri@https://registry.npmjs.org/micromark-util-sanitize-uri/-/micromark-util-sanitize-uri-2.0.1.tgz 0ms (cache hit)
411 http cache micromark-util-symbol@https://registry.npmjs.org/micromark-util-symbol/-/micromark-util-symbol-2.0.1.tgz 0ms (cache hit)
412 http cache micromark-util-resolve-all@https://registry.npmjs.org/micromark-util-resolve-all/-/micromark-util-resolve-all-2.0.1.tgz 0ms (cache hit)
413 http cache mrmime@https://registry.npmjs.org/mrmime/-/mrmime-2.0.1.tgz 0ms (cache hit)
414 http cache micromark-util-normalize-identifier@https://registry.npmjs.org/micromark-util-normalize-identifier/-/micromark-util-normalize-identifier-2.0.1.tgz 0ms (cache hit)
415 http cache micromark-util-html-tag-name@https://registry.npmjs.org/micromark-util-html-tag-name/-/micromark-util-html-tag-name-2.0.1.tgz 0ms (cache hit)
416 http cache micromark-util-decode-string@https://registry.npmjs.org/micromark-util-decode-string/-/micromark-util-decode-string-2.0.1.tgz 0ms (cache hit)
417 http cache micromark-util-encode@https://registry.npmjs.org/micromark-util-encode/-/micromark-util-encode-2.0.1.tgz 0ms (cache hit)
418 http cache micromark-util-decode-numeric-character-reference@https://registry.npmjs.org/micromark-util-decode-numeric-character-reference/-/micromark-util-decode-numeric-character-reference-2.0.2.tgz 0ms (cache hit)
419 http cache micromark-util-combine-extensions@https://registry.npmjs.org/micromark-util-combine-extensions/-/micromark-util-combine-extensions-2.0.1.tgz 0ms (cache hit)
420 http cache micromark-util-character@https://registry.npmjs.org/micromark-util-character/-/micromark-util-character-2.1.1.tgz 0ms (cache hit)
421 http cache micromark-util-chunked@https://registry.npmjs.org/micromark-util-chunked/-/micromark-util-chunked-2.0.1.tgz 0ms (cache hit)
422 http cache micromark-factory-whitespace@https://registry.npmjs.org/micromark-factory-whitespace/-/micromark-factory-whitespace-2.0.1.tgz 0ms (cache hit)
423 http cache micromark-util-classify-character@https://registry.npmjs.org/micromark-util-classify-character/-/micromark-util-classify-character-2.0.1.tgz 0ms (cache hit)
424 http cache micromark-factory-title@https://registry.npmjs.org/micromark-factory-title/-/micromark-factory-title-2.0.1.tgz 0ms (cache hit)
425 http cache micromark-factory-space@https://registry.npmjs.org/micromark-factory-space/-/micromark-factory-space-2.0.1.tgz 0ms (cache hit)
426 http cache micromark-factory-label@https://registry.npmjs.org/micromark-factory-label/-/micromark-factory-label-2.0.1.tgz 0ms (cache hit)
427 http cache micromark-extension-gfm-tagfilter@https://registry.npmjs.org/micromark-extension-gfm-tagfilter/-/micromark-extension-gfm-tagfilter-2.0.0.tgz 0ms (cache hit)
428 http cache micromark-extension-gfm-task-list-item@https://registry.npmjs.org/micromark-extension-gfm-task-list-item/-/micromark-extension-gfm-task-list-item-2.1.0.tgz 0ms (cache hit)
429 http cache micromark-extension-gfm-table@https://registry.npmjs.org/micromark-extension-gfm-table/-/micromark-extension-gfm-table-2.1.1.tgz 0ms (cache hit)
430 http cache micromark-factory-destination@https://registry.npmjs.org/micromark-factory-destination/-/micromark-factory-destination-2.0.1.tgz 0ms (cache hit)
431 http cache micromark-extension-gfm-footnote@https://registry.npmjs.org/micromark-extension-gfm-footnote/-/micromark-extension-gfm-footnote-2.1.0.tgz 0ms (cache hit)
432 http cache micromark-extension-gfm-strikethrough@https://registry.npmjs.org/micromark-extension-gfm-strikethrough/-/micromark-extension-gfm-strikethrough-2.1.0.tgz 0ms (cache hit)
433 http cache micromark-extension-gfm@https://registry.npmjs.org/micromark-extension-gfm/-/micromark-extension-gfm-3.0.0.tgz 0ms (cache hit)
434 http cache mdast-util-to-string@https://registry.npmjs.org/mdast-util-to-string/-/mdast-util-to-string-4.0.0.tgz 0ms (cache hit)
435 http cache micromark-core-commonmark@https://registry.npmjs.org/micromark-core-commonmark/-/micromark-core-commonmark-2.0.3.tgz 0ms (cache hit)
436 http cache micromark@https://registry.npmjs.org/micromark/-/micromark-4.0.2.tgz 0ms (cache hit)
437 http cache mdn-data@https://registry.npmjs.org/mdn-data/-/mdn-data-2.12.2.tgz 0ms (cache hit)
438 http cache mdast-util-to-markdown@https://registry.npmjs.org/mdast-util-to-markdown/-/mdast-util-to-markdown-2.1.2.tgz 0ms (cache hit)
439 http cache mdast-util-gfm-table@https://registry.npmjs.org/mdast-util-gfm-table/-/mdast-util-gfm-table-2.0.0.tgz 0ms (cache hit)
440 http cache mdast-util-phrasing@https://registry.npmjs.org/mdast-util-phrasing/-/mdast-util-phrasing-4.1.0.tgz 0ms (cache hit)
441 http cache mdast-util-to-hast@https://registry.npmjs.org/mdast-util-to-hast/-/mdast-util-to-hast-13.2.0.tgz 0ms (cache hit)
442 http cache mdast-util-gfm-task-list-item@https://registry.npmjs.org/mdast-util-gfm-task-list-item/-/mdast-util-gfm-task-list-item-2.0.0.tgz 0ms (cache hit)
443 http cache mdast-util-gfm-strikethrough@https://registry.npmjs.org/mdast-util-gfm-strikethrough/-/mdast-util-gfm-strikethrough-2.0.0.tgz 0ms (cache hit)
444 http cache micromark-extension-gfm-autolink-literal@https://registry.npmjs.org/micromark-extension-gfm-autolink-literal/-/micromark-extension-gfm-autolink-literal-2.1.0.tgz 0ms (cache hit)
445 http cache mdast-util-from-markdown@https://registry.npmjs.org/mdast-util-from-markdown/-/mdast-util-from-markdown-2.0.2.tgz 0ms (cache hit)
446 http cache mdast-util-gfm-autolink-literal@https://registry.npmjs.org/mdast-util-gfm-autolink-literal/-/mdast-util-gfm-autolink-literal-2.0.1.tgz 0ms (cache hit)
447 http cache mdast-util-gfm@https://registry.npmjs.org/mdast-util-gfm/-/mdast-util-gfm-3.1.0.tgz 0ms (cache hit)
448 http cache markdown-table@https://registry.npmjs.org/markdown-table/-/markdown-table-3.0.4.tgz 0ms (cache hit)
449 http cache magic-string@https://registry.npmjs.org/magic-string/-/magic-string-0.30.17.tgz 0ms (cache hit)
450 http cache mdast-util-definitions@https://registry.npmjs.org/mdast-util-definitions/-/mdast-util-definitions-6.0.0.tgz 0ms (cache hit)
451 http cache magicast@https://registry.npmjs.org/magicast/-/magicast-0.3.5.tgz 0ms (cache hit)
452 http cache longest-streak@https://registry.npmjs.org/longest-streak/-/longest-streak-3.1.0.tgz 0ms (cache hit)
453 http cache lru-cache@https://registry.npmjs.org/lru-cache/-/lru-cache-10.4.3.tgz 0ms (cache hit)
454 http cache mdast-util-gfm-footnote@https://registry.npmjs.org/mdast-util-gfm-footnote/-/mdast-util-gfm-footnote-2.1.0.tgz 0ms (cache hit)
455 http cache kleur@https://registry.npmjs.org/kleur/-/kleur-4.1.5.tgz 0ms (cache hit)
456 http cache is-plain-obj@https://registry.npmjs.org/is-plain-obj/-/is-plain-obj-4.1.0.tgz 0ms (cache hit)
457 http cache js-yaml@https://registry.npmjs.org/js-yaml/-/js-yaml-4.1.0.tgz 0ms (cache hit)
458 http cache mdast-util-find-and-replace@https://registry.npmjs.org/mdast-util-find-and-replace/-/mdast-util-find-and-replace-3.0.2.tgz 0ms (cache hit)
459 http cache is-wsl@https://registry.npmjs.org/is-wsl/-/is-wsl-3.1.0.tgz 0ms (cache hit)
460 http cache is-inside-container@https://registry.npmjs.org/is-inside-container/-/is-inside-container-1.0.0.tgz 0ms (cache hit)
461 http cache import-meta-resolve@https://registry.npmjs.org/import-meta-resolve/-/import-meta-resolve-4.1.0.tgz 0ms (cache hit)
462 http cache html-void-elements@https://registry.npmjs.org/html-void-elements/-/html-void-elements-3.0.0.tgz 0ms (cache hit)
463 http cache is-docker@https://registry.npmjs.org/is-docker/-/is-docker-3.0.0.tgz 0ms (cache hit)
464 http cache iron-webcrypto@https://registry.npmjs.org/iron-webcrypto/-/iron-webcrypto-1.2.1.tgz 0ms (cache hit)
465 http cache is-arrayish@https://registry.npmjs.org/is-arrayish/-/is-arrayish-0.3.2.tgz 0ms (cache hit)
466 http cache http-cache-semantics@https://registry.npmjs.org/http-cache-semantics/-/http-cache-semantics-4.2.0.tgz 0ms (cache hit)
467 http cache hastscript@https://registry.npmjs.org/hastscript/-/hastscript-9.0.1.tgz 0ms (cache hit)
468 http cache hast-util-to-parse5@https://registry.npmjs.org/hast-util-to-parse5/-/hast-util-to-parse5-8.0.0.tgz 0ms (cache hit)
469 http cache hast-util-to-text@https://registry.npmjs.org/hast-util-to-text/-/hast-util-to-text-4.0.2.tgz 0ms (cache hit)
470 http cache is-fullwidth-code-point@https://registry.npmjs.org/is-fullwidth-code-point/-/is-fullwidth-code-point-3.0.0.tgz 0ms (cache hit)
471 http cache hast-util-parse-selector@https://registry.npmjs.org/hast-util-parse-selector/-/hast-util-parse-selector-4.0.0.tgz 0ms (cache hit)
472 http cache hast-util-to-html@https://registry.npmjs.org/hast-util-to-html/-/hast-util-to-html-9.0.5.tgz 0ms (cache hit)
473 http cache hast-util-is-element@https://registry.npmjs.org/hast-util-is-element/-/hast-util-is-element-3.0.0.tgz 0ms (cache hit)
474 http cache hast-util-raw@https://registry.npmjs.org/hast-util-raw/-/hast-util-raw-9.1.0.tgz 0ms (cache hit)
475 http cache h3@https://registry.npmjs.org/h3/-/h3-1.15.3.tgz 0ms (cache hit)
476 http cache hast-util-from-parse5@https://registry.npmjs.org/hast-util-from-parse5/-/hast-util-from-parse5-8.0.3.tgz 0ms (cache hit)
477 http cache get-east-asian-width@https://registry.npmjs.org/get-east-asian-width/-/get-east-asian-width-1.3.0.tgz 0ms (cache hit)
478 http cache github-slugger@https://registry.npmjs.org/github-slugger/-/github-slugger-2.0.0.tgz 0ms (cache hit)
479 http cache hast-util-from-html@https://registry.npmjs.org/hast-util-from-html/-/hast-util-from-html-2.0.3.tgz 0ms (cache hit)
480 http cache hast-util-whitespace@https://registry.npmjs.org/hast-util-whitespace/-/hast-util-whitespace-3.0.0.tgz 0ms (cache hit)
481 http cache fontace@https://registry.npmjs.org/fontace/-/fontace-0.3.0.tgz 0ms (cache hit)
482 http cache fdir@https://registry.npmjs.org/fdir/-/fdir-6.4.6.tgz 0ms (cache hit)
483 http cache fontkit@https://registry.npmjs.org/fontkit/-/fontkit-2.0.4.tgz 0ms (cache hit)
484 http cache extend@https://registry.npmjs.org/extend/-/extend-3.0.2.tgz 0ms (cache hit)
485 http cache estree-walker@https://registry.npmjs.org/estree-walker/-/estree-walker-3.0.3.tgz 0ms (cache hit)
486 http cache flattie@https://registry.npmjs.org/flattie/-/flattie-1.1.1.tgz 0ms (cache hit)
487 http cache escape-string-regexp@https://registry.npmjs.org/escape-string-regexp/-/escape-string-regexp-5.0.0.tgz 0ms (cache hit)
488 http cache esbuild@https://registry.npmjs.org/esbuild/-/esbuild-0.25.8.tgz 0ms (cache hit)
489 http cache eventemitter3@https://registry.npmjs.org/eventemitter3/-/eventemitter3-5.0.1.tgz 0ms (cache hit)
490 http cache entities@https://registry.npmjs.org/entities/-/entities-6.0.1.tgz 0ms (cache hit)
491 http cache diff@https://registry.npmjs.org/diff/-/diff-5.2.0.tgz 0ms (cache hit)
492 http cache es-module-lexer@https://registry.npmjs.org/es-module-lexer/-/es-module-lexer-1.7.0.tgz 0ms (cache hit)
493 http cache devlop@https://registry.npmjs.org/devlop/-/devlop-1.1.0.tgz 0ms (cache hit)
494 http cache emoji-regex@https://registry.npmjs.org/emoji-regex/-/emoji-regex-10.4.0.tgz 0ms (cache hit)
495 http cache detect-libc@https://registry.npmjs.org/detect-libc/-/detect-libc-2.0.4.tgz 0ms (cache hit)
496 http cache dfa@https://registry.npmjs.org/dfa/-/dfa-1.2.0.tgz 0ms (cache hit)
497 http cache devalue@https://registry.npmjs.org/devalue/-/devalue-5.1.1.tgz 0ms (cache hit)
498 http cache dequal@https://registry.npmjs.org/dequal/-/dequal-2.0.3.tgz 0ms (cache hit)
499 http cache deterministic-object-hash@https://registry.npmjs.org/deterministic-object-hash/-/deterministic-object-hash-2.0.2.tgz 0ms (cache hit)
500 http cache defu@https://registry.npmjs.org/defu/-/defu-6.1.4.tgz 0ms (cache hit)
501 http cache destr@https://registry.npmjs.org/destr/-/destr-2.0.5.tgz 0ms (cache hit)
502 http cache debug@https://registry.npmjs.org/debug/-/debug-4.4.1.tgz 0ms (cache hit)
503 http cache cssesc@https://registry.npmjs.org/cssesc/-/cssesc-3.0.0.tgz 0ms (cache hit)
504 http cache decode-named-character-reference@https://registry.npmjs.org/decode-named-character-reference/-/decode-named-character-reference-1.2.0.tgz 0ms (cache hit)
505 http cache css-tree@https://registry.npmjs.org/css-tree/-/css-tree-3.1.0.tgz 0ms (cache hit)
506 http cache crossws@https://registry.npmjs.org/crossws/-/crossws-0.3.5.tgz 0ms (cache hit)
507 http cache cross-fetch@https://registry.npmjs.org/cross-fetch/-/cross-fetch-3.2.0.tgz 0ms (cache hit)
508 http cache comma-separated-tokens@https://registry.npmjs.org/comma-separated-tokens/-/comma-separated-tokens-2.0.3.tgz 1ms (cache hit)
509 http cache cookie-es@https://registry.npmjs.org/cookie-es/-/cookie-es-1.2.2.tgz 0ms (cache hit)
510 http cache common-ancestor-path@https://registry.npmjs.org/common-ancestor-path/-/common-ancestor-path-1.0.1.tgz 0ms (cache hit)
511 http cache cookie@https://registry.npmjs.org/cookie/-/cookie-1.0.2.tgz 0ms (cache hit)
512 http cache color-string@https://registry.npmjs.org/color-string/-/color-string-1.9.1.tgz 0ms (cache hit)
513 http cache color@https://registry.npmjs.org/color/-/color-4.2.3.tgz 0ms (cache hit)
514 http cache clsx@https://registry.npmjs.org/clsx/-/clsx-2.1.1.tgz 0ms (cache hit)
515 http cache chokidar@https://registry.npmjs.org/chokidar/-/chokidar-4.0.3.tgz 0ms (cache hit)
516 http cache cli-boxes@https://registry.npmjs.org/cli-boxes/-/cli-boxes-3.0.0.tgz 0ms (cache hit)
517 http cache clone@https://registry.npmjs.org/clone/-/clone-2.1.2.tgz 0ms (cache hit)
518 http cache character-entities-legacy@https://registry.npmjs.org/character-entities-legacy/-/character-entities-legacy-3.0.0.tgz 0ms (cache hit)
519 http cache ci-info@https://registry.npmjs.org/ci-info/-/ci-info-4.3.0.tgz 0ms (cache hit)
520 http cache character-entities@https://registry.npmjs.org/character-entities/-/character-entities-2.0.2.tgz 0ms (cache hit)
521 http cache character-entities-html4@https://registry.npmjs.org/character-entities-html4/-/character-entities-html4-2.1.0.tgz 0ms (cache hit)
522 http cache chalk@https://registry.npmjs.org/chalk/-/chalk-5.4.1.tgz 0ms (cache hit)
523 http cache camelcase@https://registry.npmjs.org/camelcase/-/camelcase-8.0.0.tgz 0ms (cache hit)
524 http cache ccount@https://registry.npmjs.org/ccount/-/ccount-2.0.1.tgz 0ms (cache hit)
525 http cache boxen@https://registry.npmjs.org/boxen/-/boxen-8.0.1.tgz 0ms (cache hit)
526 http cache brotli@https://registry.npmjs.org/brotli/-/brotli-1.3.3.tgz 0ms (cache hit)
527 http cache blob-to-buffer@https://registry.npmjs.org/blob-to-buffer/-/blob-to-buffer-1.2.9.tgz 0ms (cache hit)
528 http cache base64-js@https://registry.npmjs.org/base64-js/-/base64-js-1.5.1.tgz 0ms (cache hit)
529 http cache bail@https://registry.npmjs.org/bail/-/bail-2.0.2.tgz 0ms (cache hit)
530 http cache base-64@https://registry.npmjs.org/base-64/-/base-64-1.0.0.tgz 0ms (cache hit)
531 http cache astro@https://registry.npmjs.org/astro/-/astro-5.12.3.tgz 0ms (cache hit)
532 http cache array-iterate@https://registry.npmjs.org/array-iterate/-/array-iterate-2.0.1.tgz 0ms (cache hit)
533 http cache estree-walker@https://registry.npmjs.org/estree-walker/-/estree-walker-2.0.2.tgz 0ms (cache hit)
534 http cache ansi-regex@https://registry.npmjs.org/ansi-regex/-/ansi-regex-6.1.0.tgz 0ms (cache hit)
535 http cache ansi-styles@https://registry.npmjs.org/ansi-styles/-/ansi-styles-6.2.1.tgz 0ms (cache hit)
536 http cache picomatch@https://registry.npmjs.org/picomatch/-/picomatch-2.3.1.tgz 0ms (cache hit)
537 http cache acorn@https://registry.npmjs.org/acorn/-/acorn-8.15.0.tgz 0ms (cache hit)
538 http cache ansi-align@https://registry.npmjs.org/ansi-align/-/ansi-align-3.0.1.tgz 0ms (cache hit)
539 http cache property-information@https://registry.npmjs.org/property-information/-/property-information-6.5.0.tgz 0ms (cache hit)
540 http cache strip-ansi@https://registry.npmjs.org/strip-ansi/-/strip-ansi-6.0.1.tgz 0ms (cache hit)
541 http cache emoji-regex@https://registry.npmjs.org/emoji-regex/-/emoji-regex-8.0.0.tgz 0ms (cache hit)
542 http cache kleur@https://registry.npmjs.org/kleur/-/kleur-3.0.3.tgz 0ms (cache hit)
543 silly tarball no local data for @ungap/structured-clone@https://registry.npmjs.org/@ungap/structured-clone/-/structured-clone-1.3.0.tgz. Extracting by manifest.
544 silly tarball no local data for @types/node@https://registry.npmjs.org/@types/node/-/node-24.1.0.tgz. Extracting by manifest.
545 silly tarball no local data for @types/unist@https://registry.npmjs.org/@types/unist/-/unist-3.0.3.tgz. Extracting by manifest.
546 http cache ansi-regex@https://registry.npmjs.org/ansi-regex/-/ansi-regex-5.0.1.tgz 0ms (cache hit)
547 silly tarball no local data for @types/ms@https://registry.npmjs.org/@types/ms/-/ms-2.1.0.tgz. Extracting by manifest.
548 http cache string-width@https://registry.npmjs.org/string-width/-/string-width-4.2.3.tgz 0ms (cache hit)
549 silly tarball no local data for @types/nlcst@https://registry.npmjs.org/@types/nlcst/-/nlcst-2.0.3.tgz. Extracting by manifest.
550 silly tarball no local data for @types/debug@https://registry.npmjs.org/@types/debug/-/debug-4.1.12.tgz. Extracting by manifest.
551 silly tarball no local data for @types/mdast@https://registry.npmjs.org/@types/mdast/-/mdast-4.0.4.tgz. Extracting by manifest.
552 silly tarball no local data for @shikijs/types@https://registry.npmjs.org/@shikijs/types/-/types-3.8.1.tgz. Extracting by manifest.
553 silly tarball no local data for @swc/helpers@https://registry.npmjs.org/@swc/helpers/-/helpers-0.5.17.tgz. Extracting by manifest.
554 silly tarball no local data for @types/hast@https://registry.npmjs.org/@types/hast/-/hast-3.0.4.tgz. Extracting by manifest.
555 silly tarball no local data for @shikijs/themes@https://registry.npmjs.org/@shikijs/themes/-/themes-3.8.1.tgz. Extracting by manifest.
556 silly tarball no local data for @shikijs/vscode-textmate@https://registry.npmjs.org/@shikijs/vscode-textmate/-/vscode-textmate-10.0.2.tgz. Extracting by manifest.
557 silly tarball no local data for @types/fontkit@https://registry.npmjs.org/@types/fontkit/-/fontkit-2.0.8.tgz. Extracting by manifest.
558 silly tarball no local data for @rollup/pluginutils@https://registry.npmjs.org/@rollup/pluginutils/-/pluginutils-5.2.0.tgz. Extracting by manifest.
559 silly tarball no local data for @shikijs/langs@https://registry.npmjs.org/@shikijs/langs/-/langs-3.8.1.tgz. Extracting by manifest.
560 silly tarball no local data for @shikijs/engine-oniguruma@https://registry.npmjs.org/@shikijs/engine-oniguruma/-/engine-oniguruma-3.8.1.tgz. Extracting by manifest.
561 silly tarball no local data for @shikijs/engine-javascript@https://registry.npmjs.org/@shikijs/engine-javascript/-/engine-javascript-3.8.1.tgz. Extracting by manifest.
562 silly tarball no local data for @rollup/rollup-win32-x64-msvc@https://registry.npmjs.org/@rollup/rollup-win32-x64-msvc/-/rollup-win32-x64-msvc-4.46.1.tgz. Extracting by manifest.
563 silly tarball no local data for @jridgewell/sourcemap-codec@https://registry.npmjs.org/@jridgewell/sourcemap-codec/-/sourcemap-codec-1.5.4.tgz. Extracting by manifest.
564 silly tarball no local data for @esbuild/win32-x64@https://registry.npmjs.org/@esbuild/win32-x64/-/win32-x64-0.25.8.tgz. Extracting by manifest.
565 silly tarball no local data for @oslojs/encoding@https://registry.npmjs.org/@oslojs/encoding/-/encoding-1.1.0.tgz. Extracting by manifest.
566 silly tarball no local data for @shikijs/core@https://registry.npmjs.org/@shikijs/core/-/core-3.8.1.tgz. Extracting by manifest.
567 silly tarball no local data for @capsizecss/unpack@https://registry.npmjs.org/@capsizecss/unpack/-/unpack-2.4.0.tgz. Extracting by manifest.
568 silly tarball no local data for @img/sharp-win32-x64@https://registry.npmjs.org/@img/sharp-win32-x64/-/sharp-win32-x64-0.33.5.tgz. Extracting by manifest.
569 silly tarball no local data for @astrojs/prism@https://registry.npmjs.org/@astrojs/prism/-/prism-3.3.0.tgz. Extracting by manifest.
570 silly tarball no local data for @astrojs/telemetry@https://registry.npmjs.org/@astrojs/telemetry/-/telemetry-3.3.0.tgz. Extracting by manifest.
571 silly tarball no local data for @babel/parser@https://registry.npmjs.org/@babel/parser/-/parser-7.28.0.tgz. Extracting by manifest.
572 silly tarball no local data for @babel/types@https://registry.npmjs.org/@babel/types/-/types-7.28.2.tgz. Extracting by manifest.
573 silly tarball no local data for @babel/helper-validator-identifier@https://registry.npmjs.org/@babel/helper-validator-identifier/-/helper-validator-identifier-7.27.1.tgz. Extracting by manifest.
574 silly tarball no local data for @astrojs/internal-helpers@https://registry.npmjs.org/@astrojs/internal-helpers/-/internal-helpers-0.6.1.tgz. Extracting by manifest.
575 silly tarball no local data for zwitch@https://registry.npmjs.org/zwitch/-/zwitch-2.0.4.tgz. Extracting by manifest.
576 silly tarball no local data for @astrojs/markdown-remark@https://registry.npmjs.org/@astrojs/markdown-remark/-/markdown-remark-6.3.3.tgz. Extracting by manifest.
577 silly tarball no local data for zod-to-ts@https://registry.npmjs.org/zod-to-ts/-/zod-to-ts-1.2.0.tgz. Extracting by manifest.
578 silly tarball no local data for @astrojs/compiler@https://registry.npmjs.org/@astrojs/compiler/-/compiler-2.12.2.tgz. Extracting by manifest.
579 silly tarball no local data for zod@https://registry.npmjs.org/zod/-/zod-3.25.76.tgz. Extracting by manifest.
580 silly tarball no local data for zod-to-json-schema@https://registry.npmjs.org/zod-to-json-schema/-/zod-to-json-schema-3.24.6.tgz. Extracting by manifest.
581 silly tarball no local data for yocto-spinner@https://registry.npmjs.org/yocto-spinner/-/yocto-spinner-0.2.3.tgz. Extracting by manifest.
582 silly tarball no local data for yocto-queue@https://registry.npmjs.org/yocto-queue/-/yocto-queue-1.2.1.tgz. Extracting by manifest.
583 silly tarball no local data for yargs-parser@https://registry.npmjs.org/yargs-parser/-/yargs-parser-21.1.1.tgz. Extracting by manifest.
584 silly tarball no local data for yoctocolors@https://registry.npmjs.org/yoctocolors/-/yoctocolors-2.1.1.tgz. Extracting by manifest.
585 silly tarball no local data for xxhash-wasm@https://registry.npmjs.org/xxhash-wasm/-/xxhash-wasm-1.1.0.tgz. Extracting by manifest.
586 silly tarball no local data for widest-line@https://registry.npmjs.org/widest-line/-/widest-line-5.0.0.tgz. Extracting by manifest.
587 silly tarball no local data for wrap-ansi@https://registry.npmjs.org/wrap-ansi/-/wrap-ansi-9.0.0.tgz. Extracting by manifest.
588 silly tarball no local data for whatwg-url@https://registry.npmjs.org/whatwg-url/-/whatwg-url-5.0.0.tgz. Extracting by manifest.
589 silly tarball no local data for webidl-conversions@https://registry.npmjs.org/webidl-conversions/-/webidl-conversions-3.0.1.tgz. Extracting by manifest.
590 silly tarball no local data for web-namespaces@https://registry.npmjs.org/web-namespaces/-/web-namespaces-2.0.1.tgz. Extracting by manifest.
591 silly tarball no local data for which-pm-runs@https://registry.npmjs.org/which-pm-runs/-/which-pm-runs-1.1.0.tgz. Extracting by manifest.
592 silly tarball no local data for vitefu@https://registry.npmjs.org/vitefu/-/vitefu-1.1.1.tgz. Extracting by manifest.
593 silly tarball no local data for vite@https://registry.npmjs.org/vite/-/vite-6.3.5.tgz. Extracting by manifest.
594 silly tarball no local data for vfile-message@https://registry.npmjs.org/vfile-message/-/vfile-message-4.0.3.tgz. Extracting by manifest.
595 silly tarball no local data for unstorage@https://registry.npmjs.org/unstorage/-/unstorage-1.16.1.tgz. Extracting by manifest.
596 silly tarball no local data for vfile@https://registry.npmjs.org/vfile/-/vfile-6.0.3.tgz. Extracting by manifest.
597 silly tarball no local data for vfile-location@https://registry.npmjs.org/vfile-location/-/vfile-location-5.0.3.tgz. Extracting by manifest.
598 silly tarball no local data for unist-util-visit-parents@https://registry.npmjs.org/unist-util-visit-parents/-/unist-util-visit-parents-6.0.1.tgz. Extracting by manifest.
599 silly tarball no local data for unist-util-visit-children@https://registry.npmjs.org/unist-util-visit-children/-/unist-util-visit-children-3.0.0.tgz. Extracting by manifest.
600 silly tarball no local data for unist-util-modify-children@https://registry.npmjs.org/unist-util-modify-children/-/unist-util-modify-children-4.0.0.tgz. Extracting by manifest.
601 silly tarball no local data for unist-util-stringify-position@https://registry.npmjs.org/unist-util-stringify-position/-/unist-util-stringify-position-4.0.0.tgz. Extracting by manifest.
602 silly tarball no local data for unist-util-visit@https://registry.npmjs.org/unist-util-visit/-/unist-util-visit-5.0.0.tgz. Extracting by manifest.
603 silly tarball no local data for unist-util-remove-position@https://registry.npmjs.org/unist-util-remove-position/-/unist-util-remove-position-5.0.0.tgz. Extracting by manifest.
604 silly tarball no local data for unist-util-position@https://registry.npmjs.org/unist-util-position/-/unist-util-position-5.0.0.tgz. Extracting by manifest.
605 silly tarball no local data for unist-util-is@https://registry.npmjs.org/unist-util-is/-/unist-util-is-6.0.0.tgz. Extracting by manifest.
606 silly tarball no local data for uncrypto@https://registry.npmjs.org/uncrypto/-/uncrypto-0.1.3.tgz. Extracting by manifest.
607 silly tarball no local data for unifont@https://registry.npmjs.org/unifont/-/unifont-0.5.2.tgz. Extracting by manifest.
608 silly tarball no local data for unified@https://registry.npmjs.org/unified/-/unified-11.0.5.tgz. Extracting by manifest.
609 silly tarball no local data for unicode-trie@https://registry.npmjs.org/unicode-trie/-/unicode-trie-2.0.0.tgz. Extracting by manifest.
610 silly tarball no local data for unist-util-find-after@https://registry.npmjs.org/unist-util-find-after/-/unist-util-find-after-5.0.0.tgz. Extracting by manifest.
611 silly tarball no local data for undici-types@https://registry.npmjs.org/undici-types/-/undici-types-7.8.0.tgz. Extracting by manifest.
612 silly tarball no local data for unicode-properties@https://registry.npmjs.org/unicode-properties/-/unicode-properties-1.4.1.tgz. Extracting by manifest.
613 silly tarball no local data for ultrahtml@https://registry.npmjs.org/ultrahtml/-/ultrahtml-1.6.0.tgz. Extracting by manifest.
614 silly tarball no local data for typescript@https://registry.npmjs.org/typescript/-/typescript-5.8.3.tgz. Extracting by manifest.
615 silly tarball no local data for type-fest@https://registry.npmjs.org/type-fest/-/type-fest-4.41.0.tgz. Extracting by manifest.
616 silly tarball no local data for ufo@https://registry.npmjs.org/ufo/-/ufo-1.6.1.tgz. Extracting by manifest.
617 silly tarball no local data for tsconfck@https://registry.npmjs.org/tsconfck/-/tsconfck-3.1.6.tgz. Extracting by manifest.
618 silly tarball no local data for trim-lines@https://registry.npmjs.org/trim-lines/-/trim-lines-3.0.1.tgz. Extracting by manifest.
619 silly tarball no local data for trough@https://registry.npmjs.org/trough/-/trough-2.2.0.tgz. Extracting by manifest.
620 silly tarball no local data for tinyexec@https://registry.npmjs.org/tinyexec/-/tinyexec-0.3.2.tgz. Extracting by manifest.
621 silly tarball no local data for tr46@https://registry.npmjs.org/tr46/-/tr46-0.0.3.tgz. Extracting by manifest.
622 silly tarball no local data for strip-ansi@https://registry.npmjs.org/strip-ansi/-/strip-ansi-7.1.0.tgz. Extracting by manifest.
623 silly tarball no local data for tinyglobby@https://registry.npmjs.org/tinyglobby/-/tinyglobby-0.2.14.tgz. Extracting by manifest.
624 silly tarball no local data for tiny-inflate@https://registry.npmjs.org/tiny-inflate/-/tiny-inflate-1.0.3.tgz. Extracting by manifest.
625 silly tarball no local data for string-width@https://registry.npmjs.org/string-width/-/string-width-7.2.0.tgz. Extracting by manifest.
626 silly tarball no local data for stringify-entities@https://registry.npmjs.org/stringify-entities/-/stringify-entities-4.0.4.tgz. Extracting by manifest.
627 silly tarball no local data for smol-toml@https://registry.npmjs.org/smol-toml/-/smol-toml-1.4.1.tgz. Extracting by manifest.
628 silly tarball no local data for simple-swizzle@https://registry.npmjs.org/simple-swizzle/-/simple-swizzle-0.2.2.tgz. Extracting by manifest.
629 silly tarball no local data for shiki@https://registry.npmjs.org/shiki/-/shiki-3.8.1.tgz. Extracting by manifest.
630 silly tarball no local data for sisteransi@https://registry.npmjs.org/sisteransi/-/sisteransi-1.0.5.tgz. Extracting by manifest.
631 silly tarball no local data for space-separated-tokens@https://registry.npmjs.org/space-separated-tokens/-/space-separated-tokens-2.0.2.tgz. Extracting by manifest.
632 silly tarball no local data for sharp@https://registry.npmjs.org/sharp/-/sharp-0.33.5.tgz. Extracting by manifest.
633 silly tarball no local data for semver@https://registry.npmjs.org/semver/-/semver-7.7.2.tgz. Extracting by manifest.
634 silly tarball no local data for retext-smartypants@https://registry.npmjs.org/retext-smartypants/-/retext-smartypants-6.2.0.tgz. Extracting by manifest.
635 silly tarball no local data for retext-stringify@https://registry.npmjs.org/retext-stringify/-/retext-stringify-4.0.0.tgz. Extracting by manifest.
636 silly tarball no local data for rollup@https://registry.npmjs.org/rollup/-/rollup-4.46.1.tgz. Extracting by manifest.
637 silly tarball no local data for retext-latin@https://registry.npmjs.org/retext-latin/-/retext-latin-4.0.0.tgz. Extracting by manifest.
638 silly tarball no local data for retext@https://registry.npmjs.org/retext/-/retext-9.0.0.tgz. Extracting by manifest.
639 silly tarball no local data for restructure@https://registry.npmjs.org/restructure/-/restructure-3.0.2.tgz. Extracting by manifest.
640 silly tarball no local data for remark-rehype@https://registry.npmjs.org/remark-rehype/-/remark-rehype-11.1.2.tgz. Extracting by manifest.
641 silly tarball no local data for remark-smartypants@https://registry.npmjs.org/remark-smartypants/-/remark-smartypants-3.0.2.tgz. Extracting by manifest.
642 silly tarball no local data for remark-stringify@https://registry.npmjs.org/remark-stringify/-/remark-stringify-11.0.0.tgz. Extracting by manifest.
643 silly tarball no local data for rehype-stringify@https://registry.npmjs.org/rehype-stringify/-/rehype-stringify-10.0.1.tgz. Extracting by manifest.
644 silly tarball no local data for remark-parse@https://registry.npmjs.org/remark-parse/-/remark-parse-11.0.0.tgz. Extracting by manifest.
645 silly tarball no local data for regex-utilities@https://registry.npmjs.org/regex-utilities/-/regex-utilities-2.3.0.tgz. Extracting by manifest.
646 silly tarball no local data for remark-gfm@https://registry.npmjs.org/remark-gfm/-/remark-gfm-4.0.1.tgz. Extracting by manifest.
647 silly tarball no local data for rehype-raw@https://registry.npmjs.org/rehype-raw/-/rehype-raw-7.0.0.tgz. Extracting by manifest.
648 silly tarball no local data for rehype@https://registry.npmjs.org/rehype/-/rehype-13.0.2.tgz. Extracting by manifest.
649 silly tarball no local data for regex-recursion@https://registry.npmjs.org/regex-recursion/-/regex-recursion-6.0.2.tgz. Extracting by manifest.
650 silly tarball no local data for rehype-parse@https://registry.npmjs.org/rehype-parse/-/rehype-parse-9.0.1.tgz. Extracting by manifest.
651 silly tarball no local data for regex@https://registry.npmjs.org/regex/-/regex-6.0.1.tgz. Extracting by manifest.
652 silly tarball no local data for readdirp@https://registry.npmjs.org/readdirp/-/readdirp-4.1.2.tgz. Extracting by manifest.
653 silly tarball no local data for property-information@https://registry.npmjs.org/property-information/-/property-information-7.1.0.tgz. Extracting by manifest.
654 silly tarball no local data for prompts@https://registry.npmjs.org/prompts/-/prompts-2.4.2.tgz. Extracting by manifest.
655 silly tarball no local data for radix3@https://registry.npmjs.org/radix3/-/radix3-1.1.2.tgz. Extracting by manifest.
656 silly tarball no local data for parse5@https://registry.npmjs.org/parse5/-/parse5-7.3.0.tgz. Extracting by manifest.
657 silly tarball no local data for prismjs@https://registry.npmjs.org/prismjs/-/prismjs-1.30.0.tgz. Extracting by manifest.
658 silly tarball no local data for nlcst-to-string@https://registry.npmjs.org/nlcst-to-string/-/nlcst-to-string-4.0.0.tgz. Extracting by manifest.
659 silly tarball no local data for p-timeout@https://registry.npmjs.org/p-timeout/-/p-timeout-6.1.4.tgz. Extracting by manifest.
660 silly tarball no local data for package-manager-detector@https://registry.npmjs.org/package-manager-detector/-/package-manager-detector-1.3.0.tgz. Extracting by manifest.
661 silly tarball no local data for pako@https://registry.npmjs.org/pako/-/pako-0.2.9.tgz. Extracting by manifest.
662 silly tarball no local data for parse-latin@https://registry.npmjs.org/parse-latin/-/parse-latin-7.0.0.tgz. Extracting by manifest.
663 silly tarball no local data for p-queue@https://registry.npmjs.org/p-queue/-/p-queue-8.1.0.tgz. Extracting by manifest.
664 silly tarball no local data for oniguruma-to-es@https://registry.npmjs.org/oniguruma-to-es/-/oniguruma-to-es-4.3.3.tgz. Extracting by manifest.
665 silly tarball no local data for p-limit@https://registry.npmjs.org/p-limit/-/p-limit-6.2.0.tgz. Extracting by manifest.
666 silly tarball no local data for ofetch@https://registry.npmjs.org/ofetch/-/ofetch-1.4.1.tgz. Extracting by manifest.
667 silly tarball no local data for oniguruma-parser@https://registry.npmjs.org/oniguruma-parser/-/oniguruma-parser-0.12.1.tgz. Extracting by manifest.
668 silly tarball no local data for node-mock-http@https://registry.npmjs.org/node-mock-http/-/node-mock-http-1.0.1.tgz. Extracting by manifest.
669 silly tarball no local data for ohash@https://registry.npmjs.org/ohash/-/ohash-2.0.11.tgz. Extracting by manifest.
670 silly tarball no local data for node-fetch-native@https://registry.npmjs.org/node-fetch-native/-/node-fetch-native-1.6.6.tgz. Extracting by manifest.
671 silly tarball no local data for neotraverse@https://registry.npmjs.org/neotraverse/-/neotraverse-0.6.18.tgz. Extracting by manifest.
672 silly tarball no local data for node-fetch@https://registry.npmjs.org/node-fetch/-/node-fetch-2.7.0.tgz. Extracting by manifest.
673 silly tarball no local data for html-escaper@https://registry.npmjs.org/html-escaper/-/html-escaper-3.0.3.tgz. Extracting by manifest.
674 silly tarball no local data for micromark-util-types@https://registry.npmjs.org/micromark-util-types/-/micromark-util-types-2.0.2.tgz. Extracting by manifest.
675 silly tarball no local data for nanoid@https://registry.npmjs.org/nanoid/-/nanoid-3.3.11.tgz. Extracting by manifest.
676 silly tarball no local data for micromark-util-subtokenize@https://registry.npmjs.org/micromark-util-subtokenize/-/micromark-util-subtokenize-2.1.0.tgz. Extracting by manifest.
677 silly tarball no local data for dset@https://registry.npmjs.org/dset/-/dset-3.1.4.tgz. Extracting by manifest.
678 silly tarball no local data for micromark-util-sanitize-uri@https://registry.npmjs.org/micromark-util-sanitize-uri/-/micromark-util-sanitize-uri-2.0.1.tgz. Extracting by manifest.
679 silly tarball no local data for micromark-util-symbol@https://registry.npmjs.org/micromark-util-symbol/-/micromark-util-symbol-2.0.1.tgz. Extracting by manifest.
680 silly tarball no local data for micromark-util-resolve-all@https://registry.npmjs.org/micromark-util-resolve-all/-/micromark-util-resolve-all-2.0.1.tgz. Extracting by manifest.
681 silly tarball no local data for mrmime@https://registry.npmjs.org/mrmime/-/mrmime-2.0.1.tgz. Extracting by manifest.
682 silly tarball no local data for micromark-util-normalize-identifier@https://registry.npmjs.org/micromark-util-normalize-identifier/-/micromark-util-normalize-identifier-2.0.1.tgz. Extracting by manifest.
683 silly tarball no local data for micromark-util-html-tag-name@https://registry.npmjs.org/micromark-util-html-tag-name/-/micromark-util-html-tag-name-2.0.1.tgz. Extracting by manifest.
684 silly tarball no local data for micromark-util-decode-string@https://registry.npmjs.org/micromark-util-decode-string/-/micromark-util-decode-string-2.0.1.tgz. Extracting by manifest.
685 silly tarball no local data for micromark-util-encode@https://registry.npmjs.org/micromark-util-encode/-/micromark-util-encode-2.0.1.tgz. Extracting by manifest.
686 silly tarball no local data for micromark-util-decode-numeric-character-reference@https://registry.npmjs.org/micromark-util-decode-numeric-character-reference/-/micromark-util-decode-numeric-character-reference-2.0.2.tgz. Extracting by manifest.
687 silly tarball no local data for micromark-util-combine-extensions@https://registry.npmjs.org/micromark-util-combine-extensions/-/micromark-util-combine-extensions-2.0.1.tgz. Extracting by manifest.
688 silly tarball no local data for micromark-util-character@https://registry.npmjs.org/micromark-util-character/-/micromark-util-character-2.1.1.tgz. Extracting by manifest.
689 silly tarball no local data for micromark-util-chunked@https://registry.npmjs.org/micromark-util-chunked/-/micromark-util-chunked-2.0.1.tgz. Extracting by manifest.
690 silly tarball no local data for micromark-factory-whitespace@https://registry.npmjs.org/micromark-factory-whitespace/-/micromark-factory-whitespace-2.0.1.tgz. Extracting by manifest.
691 silly tarball no local data for micromark-util-classify-character@https://registry.npmjs.org/micromark-util-classify-character/-/micromark-util-classify-character-2.0.1.tgz. Extracting by manifest.
692 silly tarball no local data for micromark-factory-title@https://registry.npmjs.org/micromark-factory-title/-/micromark-factory-title-2.0.1.tgz. Extracting by manifest.
693 silly tarball no local data for micromark-factory-space@https://registry.npmjs.org/micromark-factory-space/-/micromark-factory-space-2.0.1.tgz. Extracting by manifest.
694 silly tarball no local data for micromark-factory-label@https://registry.npmjs.org/micromark-factory-label/-/micromark-factory-label-2.0.1.tgz. Extracting by manifest.
695 silly tarball no local data for micromark-extension-gfm-tagfilter@https://registry.npmjs.org/micromark-extension-gfm-tagfilter/-/micromark-extension-gfm-tagfilter-2.0.0.tgz. Extracting by manifest.
696 silly tarball no local data for micromark-extension-gfm-task-list-item@https://registry.npmjs.org/micromark-extension-gfm-task-list-item/-/micromark-extension-gfm-task-list-item-2.1.0.tgz. Extracting by manifest.
697 silly tarball no local data for micromark-extension-gfm-table@https://registry.npmjs.org/micromark-extension-gfm-table/-/micromark-extension-gfm-table-2.1.1.tgz. Extracting by manifest.
698 silly tarball no local data for micromark-factory-destination@https://registry.npmjs.org/micromark-factory-destination/-/micromark-factory-destination-2.0.1.tgz. Extracting by manifest.
699 silly tarball no local data for micromark-extension-gfm-footnote@https://registry.npmjs.org/micromark-extension-gfm-footnote/-/micromark-extension-gfm-footnote-2.1.0.tgz. Extracting by manifest.
700 silly tarball no local data for micromark-extension-gfm-strikethrough@https://registry.npmjs.org/micromark-extension-gfm-strikethrough/-/micromark-extension-gfm-strikethrough-2.1.0.tgz. Extracting by manifest.
701 silly tarball no local data for micromark-extension-gfm@https://registry.npmjs.org/micromark-extension-gfm/-/micromark-extension-gfm-3.0.0.tgz. Extracting by manifest.
702 silly tarball no local data for mdast-util-to-string@https://registry.npmjs.org/mdast-util-to-string/-/mdast-util-to-string-4.0.0.tgz. Extracting by manifest.
703 silly tarball no local data for micromark-core-commonmark@https://registry.npmjs.org/micromark-core-commonmark/-/micromark-core-commonmark-2.0.3.tgz. Extracting by manifest.
704 silly tarball no local data for micromark@https://registry.npmjs.org/micromark/-/micromark-4.0.2.tgz. Extracting by manifest.
705 silly tarball no local data for mdn-data@https://registry.npmjs.org/mdn-data/-/mdn-data-2.12.2.tgz. Extracting by manifest.
706 silly tarball no local data for mdast-util-to-markdown@https://registry.npmjs.org/mdast-util-to-markdown/-/mdast-util-to-markdown-2.1.2.tgz. Extracting by manifest.
707 silly tarball no local data for mdast-util-gfm-table@https://registry.npmjs.org/mdast-util-gfm-table/-/mdast-util-gfm-table-2.0.0.tgz. Extracting by manifest.
708 silly tarball no local data for mdast-util-phrasing@https://registry.npmjs.org/mdast-util-phrasing/-/mdast-util-phrasing-4.1.0.tgz. Extracting by manifest.
709 silly tarball no local data for mdast-util-to-hast@https://registry.npmjs.org/mdast-util-to-hast/-/mdast-util-to-hast-13.2.0.tgz. Extracting by manifest.
710 silly tarball no local data for mdast-util-gfm-task-list-item@https://registry.npmjs.org/mdast-util-gfm-task-list-item/-/mdast-util-gfm-task-list-item-2.0.0.tgz. Extracting by manifest.
711 silly tarball no local data for mdast-util-gfm-strikethrough@https://registry.npmjs.org/mdast-util-gfm-strikethrough/-/mdast-util-gfm-strikethrough-2.0.0.tgz. Extracting by manifest.
712 silly tarball no local data for micromark-extension-gfm-autolink-literal@https://registry.npmjs.org/micromark-extension-gfm-autolink-literal/-/micromark-extension-gfm-autolink-literal-2.1.0.tgz. Extracting by manifest.
713 silly tarball no local data for mdast-util-from-markdown@https://registry.npmjs.org/mdast-util-from-markdown/-/mdast-util-from-markdown-2.0.2.tgz. Extracting by manifest.
714 silly tarball no local data for mdast-util-gfm-autolink-literal@https://registry.npmjs.org/mdast-util-gfm-autolink-literal/-/mdast-util-gfm-autolink-literal-2.0.1.tgz. Extracting by manifest.
715 silly tarball no local data for mdast-util-gfm@https://registry.npmjs.org/mdast-util-gfm/-/mdast-util-gfm-3.1.0.tgz. Extracting by manifest.
716 silly tarball no local data for markdown-table@https://registry.npmjs.org/markdown-table/-/markdown-table-3.0.4.tgz. Extracting by manifest.
717 silly tarball no local data for magic-string@https://registry.npmjs.org/magic-string/-/magic-string-0.30.17.tgz. Extracting by manifest.
718 silly tarball no local data for mdast-util-definitions@https://registry.npmjs.org/mdast-util-definitions/-/mdast-util-definitions-6.0.0.tgz. Extracting by manifest.
719 silly tarball no local data for magicast@https://registry.npmjs.org/magicast/-/magicast-0.3.5.tgz. Extracting by manifest.
720 silly tarball no local data for longest-streak@https://registry.npmjs.org/longest-streak/-/longest-streak-3.1.0.tgz. Extracting by manifest.
721 silly tarball no local data for lru-cache@https://registry.npmjs.org/lru-cache/-/lru-cache-10.4.3.tgz. Extracting by manifest.
722 silly tarball no local data for mdast-util-gfm-footnote@https://registry.npmjs.org/mdast-util-gfm-footnote/-/mdast-util-gfm-footnote-2.1.0.tgz. Extracting by manifest.
723 silly tarball no local data for kleur@https://registry.npmjs.org/kleur/-/kleur-4.1.5.tgz. Extracting by manifest.
724 silly tarball no local data for is-plain-obj@https://registry.npmjs.org/is-plain-obj/-/is-plain-obj-4.1.0.tgz. Extracting by manifest.
725 silly tarball no local data for js-yaml@https://registry.npmjs.org/js-yaml/-/js-yaml-4.1.0.tgz. Extracting by manifest.
726 silly tarball no local data for mdast-util-find-and-replace@https://registry.npmjs.org/mdast-util-find-and-replace/-/mdast-util-find-and-replace-3.0.2.tgz. Extracting by manifest.
727 silly tarball no local data for is-wsl@https://registry.npmjs.org/is-wsl/-/is-wsl-3.1.0.tgz. Extracting by manifest.
728 silly tarball no local data for is-inside-container@https://registry.npmjs.org/is-inside-container/-/is-inside-container-1.0.0.tgz. Extracting by manifest.
729 silly tarball no local data for import-meta-resolve@https://registry.npmjs.org/import-meta-resolve/-/import-meta-resolve-4.1.0.tgz. Extracting by manifest.
730 silly tarball no local data for html-void-elements@https://registry.npmjs.org/html-void-elements/-/html-void-elements-3.0.0.tgz. Extracting by manifest.
731 silly tarball no local data for is-docker@https://registry.npmjs.org/is-docker/-/is-docker-3.0.0.tgz. Extracting by manifest.
732 silly tarball no local data for iron-webcrypto@https://registry.npmjs.org/iron-webcrypto/-/iron-webcrypto-1.2.1.tgz. Extracting by manifest.
733 silly tarball no local data for is-arrayish@https://registry.npmjs.org/is-arrayish/-/is-arrayish-0.3.2.tgz. Extracting by manifest.
734 silly tarball no local data for http-cache-semantics@https://registry.npmjs.org/http-cache-semantics/-/http-cache-semantics-4.2.0.tgz. Extracting by manifest.
735 silly tarball no local data for hastscript@https://registry.npmjs.org/hastscript/-/hastscript-9.0.1.tgz. Extracting by manifest.
736 silly tarball no local data for hast-util-to-parse5@https://registry.npmjs.org/hast-util-to-parse5/-/hast-util-to-parse5-8.0.0.tgz. Extracting by manifest.
737 silly tarball no local data for hast-util-to-text@https://registry.npmjs.org/hast-util-to-text/-/hast-util-to-text-4.0.2.tgz. Extracting by manifest.
738 silly tarball no local data for is-fullwidth-code-point@https://registry.npmjs.org/is-fullwidth-code-point/-/is-fullwidth-code-point-3.0.0.tgz. Extracting by manifest.
739 silly tarball no local data for hast-util-parse-selector@https://registry.npmjs.org/hast-util-parse-selector/-/hast-util-parse-selector-4.0.0.tgz. Extracting by manifest.
740 silly tarball no local data for hast-util-to-html@https://registry.npmjs.org/hast-util-to-html/-/hast-util-to-html-9.0.5.tgz. Extracting by manifest.
741 silly tarball no local data for hast-util-is-element@https://registry.npmjs.org/hast-util-is-element/-/hast-util-is-element-3.0.0.tgz. Extracting by manifest.
742 silly tarball no local data for hast-util-raw@https://registry.npmjs.org/hast-util-raw/-/hast-util-raw-9.1.0.tgz. Extracting by manifest.
743 silly tarball no local data for h3@https://registry.npmjs.org/h3/-/h3-1.15.3.tgz. Extracting by manifest.
744 silly tarball no local data for hast-util-from-parse5@https://registry.npmjs.org/hast-util-from-parse5/-/hast-util-from-parse5-8.0.3.tgz. Extracting by manifest.
745 silly tarball no local data for get-east-asian-width@https://registry.npmjs.org/get-east-asian-width/-/get-east-asian-width-1.3.0.tgz. Extracting by manifest.
746 silly tarball no local data for github-slugger@https://registry.npmjs.org/github-slugger/-/github-slugger-2.0.0.tgz. Extracting by manifest.
747 silly tarball no local data for hast-util-from-html@https://registry.npmjs.org/hast-util-from-html/-/hast-util-from-html-2.0.3.tgz. Extracting by manifest.
748 silly tarball no local data for hast-util-whitespace@https://registry.npmjs.org/hast-util-whitespace/-/hast-util-whitespace-3.0.0.tgz. Extracting by manifest.
749 silly tarball no local data for fontace@https://registry.npmjs.org/fontace/-/fontace-0.3.0.tgz. Extracting by manifest.
750 silly tarball no local data for fdir@https://registry.npmjs.org/fdir/-/fdir-6.4.6.tgz. Extracting by manifest.
751 silly tarball no local data for fontkit@https://registry.npmjs.org/fontkit/-/fontkit-2.0.4.tgz. Extracting by manifest.
752 silly tarball no local data for extend@https://registry.npmjs.org/extend/-/extend-3.0.2.tgz. Extracting by manifest.
753 silly tarball no local data for estree-walker@https://registry.npmjs.org/estree-walker/-/estree-walker-3.0.3.tgz. Extracting by manifest.
754 silly tarball no local data for flattie@https://registry.npmjs.org/flattie/-/flattie-1.1.1.tgz. Extracting by manifest.
755 silly tarball no local data for escape-string-regexp@https://registry.npmjs.org/escape-string-regexp/-/escape-string-regexp-5.0.0.tgz. Extracting by manifest.
756 silly tarball no local data for esbuild@https://registry.npmjs.org/esbuild/-/esbuild-0.25.8.tgz. Extracting by manifest.
757 silly tarball no local data for eventemitter3@https://registry.npmjs.org/eventemitter3/-/eventemitter3-5.0.1.tgz. Extracting by manifest.
758 silly tarball no local data for entities@https://registry.npmjs.org/entities/-/entities-6.0.1.tgz. Extracting by manifest.
759 silly tarball no local data for diff@https://registry.npmjs.org/diff/-/diff-5.2.0.tgz. Extracting by manifest.
760 silly tarball no local data for es-module-lexer@https://registry.npmjs.org/es-module-lexer/-/es-module-lexer-1.7.0.tgz. Extracting by manifest.
761 silly tarball no local data for devlop@https://registry.npmjs.org/devlop/-/devlop-1.1.0.tgz. Extracting by manifest.
762 silly tarball no local data for emoji-regex@https://registry.npmjs.org/emoji-regex/-/emoji-regex-10.4.0.tgz. Extracting by manifest.
763 silly tarball no local data for detect-libc@https://registry.npmjs.org/detect-libc/-/detect-libc-2.0.4.tgz. Extracting by manifest.
764 silly tarball no local data for dfa@https://registry.npmjs.org/dfa/-/dfa-1.2.0.tgz. Extracting by manifest.
765 silly tarball no local data for devalue@https://registry.npmjs.org/devalue/-/devalue-5.1.1.tgz. Extracting by manifest.
766 silly tarball no local data for dequal@https://registry.npmjs.org/dequal/-/dequal-2.0.3.tgz. Extracting by manifest.
767 silly tarball no local data for deterministic-object-hash@https://registry.npmjs.org/deterministic-object-hash/-/deterministic-object-hash-2.0.2.tgz. Extracting by manifest.
768 silly tarball no local data for defu@https://registry.npmjs.org/defu/-/defu-6.1.4.tgz. Extracting by manifest.
769 silly tarball no local data for destr@https://registry.npmjs.org/destr/-/destr-2.0.5.tgz. Extracting by manifest.
770 silly tarball no local data for debug@https://registry.npmjs.org/debug/-/debug-4.4.1.tgz. Extracting by manifest.
771 silly tarball no local data for cssesc@https://registry.npmjs.org/cssesc/-/cssesc-3.0.0.tgz. Extracting by manifest.
772 silly tarball no local data for decode-named-character-reference@https://registry.npmjs.org/decode-named-character-reference/-/decode-named-character-reference-1.2.0.tgz. Extracting by manifest.
773 silly tarball no local data for css-tree@https://registry.npmjs.org/css-tree/-/css-tree-3.1.0.tgz. Extracting by manifest.
774 silly tarball no local data for crossws@https://registry.npmjs.org/crossws/-/crossws-0.3.5.tgz. Extracting by manifest.
775 silly tarball no local data for cross-fetch@https://registry.npmjs.org/cross-fetch/-/cross-fetch-3.2.0.tgz. Extracting by manifest.
776 silly tarball no local data for comma-separated-tokens@https://registry.npmjs.org/comma-separated-tokens/-/comma-separated-tokens-2.0.3.tgz. Extracting by manifest.
777 silly tarball no local data for cookie-es@https://registry.npmjs.org/cookie-es/-/cookie-es-1.2.2.tgz. Extracting by manifest.
778 silly tarball no local data for common-ancestor-path@https://registry.npmjs.org/common-ancestor-path/-/common-ancestor-path-1.0.1.tgz. Extracting by manifest.
779 silly tarball no local data for cookie@https://registry.npmjs.org/cookie/-/cookie-1.0.2.tgz. Extracting by manifest.
780 silly tarball no local data for color-string@https://registry.npmjs.org/color-string/-/color-string-1.9.1.tgz. Extracting by manifest.
781 silly tarball no local data for color@https://registry.npmjs.org/color/-/color-4.2.3.tgz. Extracting by manifest.
782 silly tarball no local data for clsx@https://registry.npmjs.org/clsx/-/clsx-2.1.1.tgz. Extracting by manifest.
783 silly tarball no local data for chokidar@https://registry.npmjs.org/chokidar/-/chokidar-4.0.3.tgz. Extracting by manifest.
784 silly tarball no local data for cli-boxes@https://registry.npmjs.org/cli-boxes/-/cli-boxes-3.0.0.tgz. Extracting by manifest.
785 silly tarball no local data for clone@https://registry.npmjs.org/clone/-/clone-2.1.2.tgz. Extracting by manifest.
786 silly tarball no local data for character-entities-legacy@https://registry.npmjs.org/character-entities-legacy/-/character-entities-legacy-3.0.0.tgz. Extracting by manifest.
787 silly tarball no local data for ci-info@https://registry.npmjs.org/ci-info/-/ci-info-4.3.0.tgz. Extracting by manifest.
788 silly tarball no local data for character-entities@https://registry.npmjs.org/character-entities/-/character-entities-2.0.2.tgz. Extracting by manifest.
789 silly tarball no local data for character-entities-html4@https://registry.npmjs.org/character-entities-html4/-/character-entities-html4-2.1.0.tgz. Extracting by manifest.
790 silly tarball no local data for chalk@https://registry.npmjs.org/chalk/-/chalk-5.4.1.tgz. Extracting by manifest.
791 silly tarball no local data for camelcase@https://registry.npmjs.org/camelcase/-/camelcase-8.0.0.tgz. Extracting by manifest.
792 silly tarball no local data for ccount@https://registry.npmjs.org/ccount/-/ccount-2.0.1.tgz. Extracting by manifest.
793 silly tarball no local data for boxen@https://registry.npmjs.org/boxen/-/boxen-8.0.1.tgz. Extracting by manifest.
794 silly tarball no local data for brotli@https://registry.npmjs.org/brotli/-/brotli-1.3.3.tgz. Extracting by manifest.
795 silly tarball no local data for blob-to-buffer@https://registry.npmjs.org/blob-to-buffer/-/blob-to-buffer-1.2.9.tgz. Extracting by manifest.
796 silly tarball no local data for base64-js@https://registry.npmjs.org/base64-js/-/base64-js-1.5.1.tgz. Extracting by manifest.
797 silly tarball no local data for bail@https://registry.npmjs.org/bail/-/bail-2.0.2.tgz. Extracting by manifest.
798 silly tarball no local data for base-64@https://registry.npmjs.org/base-64/-/base-64-1.0.0.tgz. Extracting by manifest.
799 silly tarball no local data for astro@https://registry.npmjs.org/astro/-/astro-5.12.3.tgz. Extracting by manifest.
800 silly tarball no local data for array-iterate@https://registry.npmjs.org/array-iterate/-/array-iterate-2.0.1.tgz. Extracting by manifest.
801 silly tarball no local data for estree-walker@https://registry.npmjs.org/estree-walker/-/estree-walker-2.0.2.tgz. Extracting by manifest.
802 silly tarball no local data for ansi-regex@https://registry.npmjs.org/ansi-regex/-/ansi-regex-6.1.0.tgz. Extracting by manifest.
803 silly tarball no local data for ansi-styles@https://registry.npmjs.org/ansi-styles/-/ansi-styles-6.2.1.tgz. Extracting by manifest.
804 silly tarball no local data for picomatch@https://registry.npmjs.org/picomatch/-/picomatch-2.3.1.tgz. Extracting by manifest.
805 silly tarball no local data for acorn@https://registry.npmjs.org/acorn/-/acorn-8.15.0.tgz. Extracting by manifest.
806 silly tarball no local data for ansi-align@https://registry.npmjs.org/ansi-align/-/ansi-align-3.0.1.tgz. Extracting by manifest.
807 silly tarball no local data for property-information@https://registry.npmjs.org/property-information/-/property-information-6.5.0.tgz. Extracting by manifest.
808 silly tarball no local data for strip-ansi@https://registry.npmjs.org/strip-ansi/-/strip-ansi-6.0.1.tgz. Extracting by manifest.
809 silly tarball no local data for emoji-regex@https://registry.npmjs.org/emoji-regex/-/emoji-regex-8.0.0.tgz. Extracting by manifest.
810 silly tarball no local data for kleur@https://registry.npmjs.org/kleur/-/kleur-3.0.3.tgz. Extracting by manifest.
811 silly tarball no local data for ansi-regex@https://registry.npmjs.org/ansi-regex/-/ansi-regex-5.0.1.tgz. Extracting by manifest.
812 silly tarball no local data for string-width@https://registry.npmjs.org/string-width/-/string-width-4.2.3.tgz. Extracting by manifest.
813 http fetch POST 200 https://registry.npmjs.org/-/npm/v1/security/advisories/bulk 863ms
814 silly audit report {
814 silly audit report   picomatch: [
814 silly audit report     {
814 silly audit report       id: 1115549,
814 silly audit report       url: 'https://github.com/advisories/GHSA-3v7f-55p6-f55p',
814 silly audit report       title: 'Picomatch: Method Injection in POSIX Character Classes causes incorrect Glob Matching',
814 silly audit report       severity: 'moderate',
814 silly audit report       vulnerable_versions: '<2.3.2',
814 silly audit report       cwe: [Array],
814 silly audit report       cvss: [Object]
814 silly audit report     },
814 silly audit report     {
814 silly audit report       id: 1115551,
814 silly audit report       url: 'https://github.com/advisories/GHSA-3v7f-55p6-f55p',
814 silly audit report       title: 'Picomatch: Method Injection in POSIX Character Classes causes incorrect Glob Matching',
814 silly audit report       severity: 'moderate',
814 silly audit report       vulnerable_versions: '>=4.0.0 <4.0.4',
814 silly audit report       cwe: [Array],
814 silly audit report       cvss: [Object]
814 silly audit report     },
814 silly audit report     {
814 silly audit report       id: 1115552,
814 silly audit report       url: 'https://github.com/advisories/GHSA-c2c7-rcm5-vvqj',
814 silly audit report       title: 'Picomatch has a ReDoS vulnerability via extglob quantifiers',
814 silly audit report       severity: 'high',
814 silly audit report       vulnerable_versions: '<2.3.2',
814 silly audit report       cwe: [Array],
814 silly audit report       cvss: [Object]
814 silly audit report     },
814 silly audit report     {
814 silly audit report       id: 1115554,
814 silly audit report       url: 'https://github.com/advisories/GHSA-c2c7-rcm5-vvqj',
814 silly audit report       title: 'Picomatch has a ReDoS vulnerability via extglob quantifiers',
814 silly audit report       severity: 'high',
814 silly audit report       vulnerable_versions: '>=4.0.0 <4.0.4',
814 silly audit report       cwe: [Array],
814 silly audit report       cvss: [Object]
814 silly audit report     }
814 silly audit report   ],
814 silly audit report   astro: [
814 silly audit report     {
814 silly audit report       id: 1111020,
814 silly audit report       url: 'https://github.com/advisories/GHSA-xf8x-j4p2-f749',
814 silly audit report       title: 'Astro allows unauthorized third-party images in _image endpoint',
814 silly audit report       severity: 'moderate',
814 silly audit report       vulnerable_versions: '>=5.0.0-alpha.0 <5.13.2',
814 silly audit report       cwe: [Array],
814 silly audit report       cvss: [Object]
814 silly audit report     },
814 silly audit report     {
814 silly audit report       id: 1111025,
814 silly audit report       url: 'https://github.com/advisories/GHSA-cq8c-xv66-36gw',
814 silly audit report       title: "Astros's duplicate trailing slash feature leads to an open redirection security issue",
814 silly audit report       severity: 'moderate',
814 silly audit report       vulnerable_versions: '>=5.2.0 <5.12.8',
814 silly audit report       cwe: [Array],
814 silly audit report       cvss: [Object]
814 silly audit report     },
814 silly audit report     {
814 silly audit report       id: 1111026,
814 silly audit report       url: 'https://github.com/advisories/GHSA-fvmw-cj7j-j39q',
814 silly audit report       title: 'Astro Cloudflare adapter has Stored Cross-site Scripting vulnerability in /_image endpoint',
814 silly audit report       severity: 'moderate',
814 silly audit report       vulnerable_versions: '<5.15.9',
814 silly audit report       cwe: [Array],
814 silly audit report       cvss: [Object]
814 silly audit report     },
814 silly audit report     {
814 silly audit report       id: 1111027,
814 silly audit report       url: 'https://github.com/advisories/GHSA-ggxq-hp9w-j794',
814 silly audit report       title: "Astro's middleware authentication checks based on url.pathname can be bypassed via url encoded values",
814 silly audit report       severity: 'moderate',
814 silly audit report       vulnerable_versions: '<5.15.8',
814 silly audit report       cwe: [Array],
814 silly audit report       cvss: [Object]
814 silly audit report     },
814 silly audit report     {
814 silly audit report       id: 1111028,
814 silly audit report       url: 'https://github.com/advisories/GHSA-w2vj-39qv-7vh7',
814 silly audit report       title: 'Astro development server error page is vulnerable to reflected Cross-site Scripting',
814 silly audit report       severity: 'low',
814 silly audit report       vulnerable_versions: '>=5.2.0 <5.15.6',
814 silly audit report       cwe: [Array],
814 silly audit report       cvss: [Object]
814 silly audit report     },
814 silly audit report     {
814 silly audit report       id: 1111294,
814 silly audit report       url: 'https://github.com/advisories/GHSA-whqg-ppgf-wp8c',
814 silly audit report       title: 'Astro has an Authentication Bypass via Double URL Encoding, a bypass for CVE-2025-64765',
814 silly audit report       severity: 'moderate',
814 silly audit report       vulnerable_versions: '<5.15.8',
814 silly audit report       cwe: [Array],
814 silly audit report       cvss: [Object]
814 silly audit report     },
814 silly audit report     {
814 silly audit report       id: 1118920,
814 silly audit report       url: 'https://github.com/advisories/GHSA-xr5h-phrj-8vxv',
814 silly audit report       title: 'Astro: Server island encrypted parameters vulnerable to cross-component replay',
814 silly audit report       severity: 'low',
814 silly audit report       vulnerable_versions: '<6.1.10',
814 silly audit report       cwe: [Array],
814 silly audit report       cvss: [Object]
814 silly audit report     },
814 silly audit report     {
814 silly audit report       id: 1108906,
814 silly audit report       url: 'https://github.com/advisories/GHSA-5ff5-9fcw-vg88',
814 silly audit report       title: "Astro's `X-Forwarded-Host` is reflected without validation",
814 silly audit report       severity: 'moderate',
814 silly audit report       vulnerable_versions: '<5.14.3',
814 silly audit report       cwe: [Array],
814 silly audit report       cvss: [Object]
814 silly audit report     },
814 silly audit report     {
814 silly audit report       id: 1109738,
814 silly audit report       url: 'https://github.com/advisories/GHSA-hr2q-hp5q-x767',
814 silly audit report       title: 'Astro vulnerable to URL manipulation via headers, leading to middleware and CVE-2025-61925 bypass',
814 silly audit report       severity: 'moderate',
814 silly audit report       vulnerable_versions: '>=2.16.0 <5.15.5',
814 silly audit report       cwe: [Array],
814 silly audit report       cvss: [Object]
814 silly audit report     },
814 silly audit report     {
814 silly audit report       id: 1109850,
814 silly audit report       url: 'https://github.com/advisories/GHSA-wrwg-2hg8-v723',
814 silly audit report       title: 'Astro vulnerable to reflected XSS via the server islands feature',
814 silly audit report       severity: 'high',
814 silly audit report       vulnerable_versions: '<=5.15.6',
814 silly audit report       cwe: [Array],
814 silly audit report       cvss: [Object]
814 silly audit report     },
814 silly audit report     {
814 silly audit report       id: 1109851,
814 silly audit report       url: 'https://github.com/advisories/GHSA-x3h8-62x9-952g',
814 silly audit report       title: 'Astro Development Server has Arbitrary Local File Read',
814 silly audit report       severity: 'low',
814 silly audit report       vulnerable_versions: '<5.14.3',
814 silly audit report       cwe: [Array],
814 silly audit report       cvss: [Object]
814 silly audit report     },
814 silly audit report     {
814 silly audit report       id: 1120917,
814 silly audit report       url: 'https://github.com/advisories/GHSA-2pvr-wf23-7pc7',
814 silly audit report       title: 'Astro: Host header SSRF in prerendered error page fetch',
814 silly audit report       severity: 'high',
814 silly audit report       vulnerable_versions: '<6.4.6',
814 silly audit report       cwe: [Array],
814 silly audit report       cvss: [Object]
814 silly audit report     },
814 silly audit report     {
814 silly audit report       id: 1120912,
814 silly audit report       url: 'https://github.com/advisories/GHSA-8hv8-536x-4wqp',
814 silly audit report       title: 'Astro: Reflected XSS via unescaped slot name',
814 silly audit report       severity: 'high',
814 silly audit report       vulnerable_versions: '<6.3.3',
814 silly audit report       cwe: [Array],
814 silly audit report       cvss: [Object]
814 silly audit report     },
814 silly audit report     {
814 silly audit report       id: 1115427,
814 silly audit report       url: 'https://github.com/advisories/GHSA-g735-7g2w-hh3f',
814 silly audit report       title: 'Astro: Remote allowlist bypass via unanchored matchPathname wildcard',
814 silly audit report       severity: 'low',
814 silly audit report       vulnerable_versions: '>=2.10.10 <5.18.1',
814 silly audit report       cwe: [Array],
814 silly audit report       cvss: [Object]
814 silly audit report     },
814 silly audit report     {
814 silly audit report       id: 1117141,
814 silly audit report       url: 'https://github.com/advisories/GHSA-j687-52p2-xcff',
814 silly audit report       title: 'Astro: XSS in define:vars via incomplete </script> tag sanitization',
814 silly audit report       severity: 'moderate',
814 silly audit report       vulnerable_versions: '<6.1.6',
814 silly audit report       cwe: [Array],
814 silly audit report       cvss: [Object]
814 silly audit report     },
814 silly audit report     {
814 silly audit report       id: 1123700,
814 silly audit report       url: 'https://github.com/advisories/GHSA-jrpj-wcv7-9fh9',
814 silly audit report       title: 'Astro: XSS via Unescaped Attribute Names in Spread Props',
814 silly audit report       severity: 'moderate',
814 silly audit report       vulnerable_versions: '<6.4.6',
814 silly audit report       cwe: [Array],
814 silly audit report       cvss: [Object]
814 silly audit report     },
814 silly audit report     {
814 silly audit report       id: 1123899,
814 silly audit report       url: 'https://github.com/advisories/GHSA-4g3v-8h47-v7g6',
814 silly audit report       title: 'Astro: Reflected XSS via unescaped View Transition animation properties',
814 silly audit report       severity: 'moderate',
814 silly audit report       vulnerable_versions: '>=2.9.0 <=7.0.9',
814 silly audit report       cwe: [Array],
814 silly audit report       cvss: [Object]
814 silly audit report     },
814 silly audit report     {
814 silly audit report       id: 1123979,
814 silly audit report       url: 'https://github.com/advisories/GHSA-f48w-9m4c-m7f5',
814 silly audit report       title: 'Astro: XSS via unescaped spread attribute names in renderHTMLElement (incomplete fix for CVE-2026-54298)',
814 silly audit report       severity: 'moderate',
814 silly audit report       vulnerable_versions: '<7.0.6',
814 silly audit report       cwe: [Array],
814 silly audit report       cvss: [Object]
814 silly audit report     },
814 silly audit report     {
814 silly audit report       id: 1123981,
814 silly audit report       url: 'https://github.com/advisories/GHSA-7pw4-f3q4-r2p2',
814 silly audit report       title: 'Astro: Cross-site scripting via unescaped transition:* directive values on hydrated islands',
814 silly audit report       severity: 'low',
814 silly audit report       vulnerable_versions: '>=3.10.0 <7.0.4',
814 silly audit report       cwe: [Array],
814 silly audit report       cvss: [Object]
814 silly audit report     }
814 silly audit report   ],
814 silly audit report   defu: [
814 silly audit report     {
814 silly audit report       id: 1116102,
814 silly audit report       url: 'https://github.com/advisories/GHSA-737v-mqg7-c878',
814 silly audit report       title: 'defu: Prototype pollution via `__proto__` key in defaults argument',
814 silly audit report       severity: 'high',
814 silly audit report       vulnerable_versions: '<=6.1.4',
814 silly audit report       cwe: [Array],
814 silly audit report       cvss: [Object]
814 silly audit report     }
814 silly audit report   ],
814 silly audit report   devalue: [
814 silly audit report     {
814 silly audit report       id: 1106997,
814 silly audit report       url: 'https://github.com/advisories/GHSA-vj54-72f3-p5jv',
814 silly audit report       title: 'devalue prototype pollution vulnerability',
814 silly audit report       severity: 'high',
814 silly audit report       vulnerable_versions: '<5.3.2',
814 silly audit report       cwe: [Array],
814 silly audit report       cvss: [Object]
814 silly audit report     },
814 silly audit report     {
814 silly audit report       id: 1112183,
814 silly audit report       url: 'https://github.com/advisories/GHSA-g2pg-6438-jwpf',
814 silly audit report       title: 'devalue vulnerable to denial of service due to memory/CPU exhaustion in devalue.parse',
814 silly audit report       severity: 'high',
814 silly audit report       vulnerable_versions: '>=5.1.0 <5.6.2',
814 silly audit report       cwe: [Array],
814 silly audit report       cvss: [Object]
814 silly audit report     },
814 silly audit report     {
814 silly audit report       id: 1113319,
814 silly audit report       url: 'https://github.com/advisories/GHSA-33hq-fvwr-56pm',
814 silly audit report       title: 'devalue affected by CPU and memory amplification from sparse arrays',
814 silly audit report       severity: 'low',
814 silly audit report       vulnerable_versions: '<=5.6.2',
814 silly audit report       cwe: [Array],
814 silly audit report       cvss: [Object]
814 silly audit report     },
814 silly audit report     {
814 silly audit report       id: 1113320,
814 silly audit report       url: 'https://github.com/advisories/GHSA-8qm3-746x-r74r',
814 silly audit report       title: 'devalue `uneval`ed code can create objects with polluted prototypes when `eval`ed',
814 silly audit report       severity: 'low',
814 silly audit report       vulnerable_versions: '<=5.6.2',
814 silly audit report       cwe: [Array],
814 silly audit report       cvss: [Object]
814 silly audit report     },
814 silly audit report     {
814 silly audit report       id: 1114438,
814 silly audit report       url: 'https://github.com/advisories/GHSA-cfw5-2vxh-hr84',
814 silly audit report       title: 'devalue has prototype pollution in devalue.parse and devalue.unflatten',
814 silly audit report       severity: 'moderate',
814 silly audit report       vulnerable_versions: '<5.6.4',
814 silly audit report       cwe: [Array],
814 silly audit report       cvss: [Object]
814 silly audit report     },
814 silly audit report     {
814 silly audit report       id: 1121800,
814 silly audit report       url: 'https://github.com/advisories/GHSA-mwv9-gp5h-frr4',
814 silly audit report       title: "Sveltejs devalue's `devalue.parse` and `devalue.unflatten` emit objects with `__proto__` own properties",
814 silly audit report       severity: 'low',
814 silly audit report       vulnerable_versions: '>=4.0.0 <5.6.4',
814 silly audit report       cwe: [Array],
814 silly audit report       cvss: [Object]
814 silly audit report     }
814 silly audit report   ],
814 silly audit report   diff: [
814 silly audit report     {
814 silly audit report       id: 1112705,
814 silly audit report       url: 'https://github.com/advisories/GHSA-73rr-hh4g-fpgx',
814 silly audit report       title: 'jsdiff has a Denial of Service vulnerability in parsePatch and applyPatch',
814 silly audit report       severity: 'low',
814 silly audit report       vulnerable_versions: '>=5.0.0 <5.2.2',
814 silly audit report       cwe: [Array],
814 silly audit report       cvss: [Object]
814 silly audit report     }
814 silly audit report   ],
814 silly audit report   h3: [
814 silly audit report     {
814 silly audit report       id: 1114875,
814 silly audit report       url: 'https://github.com/advisories/GHSA-wr4h-v87w-p3r7',
814 silly audit report       title: 'h3 has a Path Traversal via Percent-Encoded Dot Segments in serveStatic Allows Arbitrary File Read',
814 silly audit report       severity: 'moderate',
814 silly audit report       vulnerable_versions: '<1.15.6',
814 silly audit report       cwe: [Array],
814 silly audit report       cvss: [Object]
814 silly audit report     },
814 silly audit report     {
814 silly audit report       id: 1115114,
814 silly audit report       url: 'https://github.com/advisories/GHSA-4hxc-9384-m385',
814 silly audit report       title: 'h3: SSE Event Injection via Unsanitized Carriage Return (`\\r`) in EventStream Data and Comment Fields (Bypass of CVE Fix)',
814 silly audit report       severity: 'moderate',
814 silly audit report       vulnerable_versions: '<1.15.9',
814 silly audit report       cwe: [Array],
814 silly audit report       cvss: [Object]
814 silly audit report     },
814 silly audit report     {
814 silly audit report       id: 1115117,
814 silly audit report       url: 'https://github.com/advisories/GHSA-72gr-qfp7-vwhw',
814 silly audit report       title: 'h3: Double Decoding in `serveStatic` Bypasses `resolveDotSegments` Path Traversal Protection via `%252e%252e`',
814 silly audit report       severity: 'moderate',
814 silly audit report       vulnerable_versions: '<=1.15.8',
814 silly audit report       cwe: [Array],
814 silly audit report       cvss: [Object]
814 silly audit report     },
814 silly audit report     {
814 silly audit report       id: 1115161,
814 silly audit report       url: 'https://github.com/advisories/GHSA-22cc-p3c6-wpvm',
814 silly audit report       title: 'h3 has a Server-Sent Events Injection via Unsanitized Newlines in Event Stream Fields',
814 silly audit report       severity: 'high',
814 silly audit report       vulnerable_versions: '<1.15.6',
814 silly audit report       cwe: [Array],
814 silly audit report       cvss: [Object]
814 silly audit report     },
814 silly audit report     {
814 silly audit report       id: 1116543,
814 silly audit report       url: 'https://github.com/advisories/GHSA-mp2g-9vg9-f4cg',
814 silly audit report       title: 'h3 v1 has Request Smuggling (TE.TE) issue',
814 silly audit report       severity: 'high',
814 silly audit report       vulnerable_versions: '<=1.15.4',
814 silly audit report       cwe: [Array],
814 silly audit report       cvss: [Object]
814 silly audit report     }
814 silly audit report   ],
814 silly audit report   'js-yaml': [
814 silly audit report     {
814 silly audit report       id: 1112715,
814 silly audit report       url: 'https://github.com/advisories/GHSA-mh29-5h37-fv8m',
814 silly audit report       title: 'js-yaml has prototype pollution in merge (<<)',
814 silly audit report       severity: 'moderate',
814 silly audit report       vulnerable_versions: '>=4.0.0 <4.1.1',
814 silly audit report       cwe: [Array],
814 silly audit report       cvss: [Object]
814 silly audit report     },
814 silly audit report     {
814 silly audit report       id: 1121860,
814 silly audit report       url: 'https://github.com/advisories/GHSA-h67p-54hq-rp68',
814 silly audit report       title: 'JS-YAML: Quadratic-complexity DoS in merge key handling via repeated aliases',
814 silly audit report       severity: 'moderate',
814 silly audit report       vulnerable_versions: '>=4.0.0 <=4.1.1',
814 silly audit report       cwe: [Array],
814 silly audit report       cvss: [Object]
814 silly audit report     },
814 silly audit report     {
814 silly audit report       id: 1123911,
814 silly audit report       url: 'https://github.com/advisories/GHSA-52cp-r559-cp3m',
814 silly audit report       title: 'js-yaml: YAML merge-key chains can force quadratic CPU consumption',
814 silly audit report       severity: 'high',
814 silly audit report       vulnerable_versions: '>=4.0.0 <4.3.0',
814 silly audit report       cwe: [Array],
814 silly audit report       cvss: [Object]
814 silly audit report     }
814 silly audit report   ],
814 silly audit report   'mdast-util-to-hast': [
814 silly audit report     {
814 silly audit report       id: 1113048,
814 silly audit report       url: 'https://github.com/advisories/GHSA-4fh9-h7wg-q85m',
814 silly audit report       title: 'mdast-util-to-hast has unsanitized class attribute',
814 silly audit report       severity: 'moderate',
814 silly audit report       vulnerable_versions: '>=13.0.0 <13.2.1',
814 silly audit report       cwe: [Array],
814 silly audit report       cvss: [Object]
814 silly audit report     }
814 silly audit report   ],
814 silly audit report   postcss: [
814 silly audit report     {
814 silly audit report       id: 1117015,
814 silly audit report       url: 'https://github.com/advisories/GHSA-qx2v-qp2m-jg93',
814 silly audit report       title: 'PostCSS has XSS via Unescaped </style> in its CSS Stringify Output',
814 silly audit report       severity: 'moderate',
814 silly audit report       vulnerable_versions: '<8.5.10',
814 silly audit report       cwe: [Array],
814 silly audit report       cvss: [Object]
814 silly audit report     },
814 silly audit report     {
814 silly audit report       id: 1124252,
814 silly audit report       url: 'https://github.com/advisories/GHSA-6g55-p6wh-862q',
814 silly audit report       title: 'PostCSS: Arbitrary file read and information disclosure via attacker-controlled sourceMappingURL in CSS comments',
814 silly audit report       severity: 'high',
814 silly audit report       vulnerable_versions: '<=8.5.11',
814 silly audit report       cwe: [Array],
814 silly audit report       cvss: [Object]
814 silly audit report     },
814 silly audit report     {
814 silly audit report       id: 1124288,
814 silly audit report       url: 'https://github.com/advisories/GHSA-r28c-9q8g-f849',
814 silly audit report       title: 'PostCSS: Path Traversal in Previous Source Map Auto-Loading (sourceMappingURL) leads to Arbitrary .map File Disclosure',
814 silly audit report       severity: 'high',
814 silly audit report       vulnerable_versions: '<=8.5.17',
814 silly audit report       cwe: [Array],
814 silly audit report       cvss: [Object]
814 silly audit report     }
814 silly audit report   ],
814 silly audit report   rollup: [
814 silly audit report     {
814 silly audit report       id: 1113515,
814 silly audit report       url: 'https://github.com/advisories/GHSA-mw96-cpmx-2vgc',
814 silly audit report       title: 'Rollup 4 has Arbitrary File Write via Path Traversal',
814 silly audit report       severity: 'high',
814 silly audit report       vulnerable_versions: '>=4.0.0 <4.59.0',
814 silly audit report       cwe: [Array],
814 silly audit report       cvss: [Object]
814 silly audit report     }
814 silly audit report   ],
814 silly audit report   sharp: [
814 silly audit report     {
814 silly audit report       id: 1124066,
814 silly audit report       url: 'https://github.com/advisories/GHSA-f88m-g3jw-g9cj',
814 silly audit report       title: 'sharp inherited vulnerabilities in libvips: CVE-2026-33327, CVE-2026-33328, CVE-2026-35590, CVE-2026-35591',
814 silly audit report       severity: 'high',
814 silly audit report       vulnerable_versions: '<0.35.0',
814 silly audit report       cwe: [Array],
814 silly audit report       cvss: [Object]
814 silly audit report     }
814 silly audit report   ],
814 silly audit report   'smol-toml': [
814 silly audit report     {
814 silly audit report       id: 1115393,
814 silly audit report       url: 'https://github.com/advisories/GHSA-v3rj-xjv7-4jmq',
814 silly audit report       title: 'smol-toml: Denial of Service via TOML documents containing thousands of consecutive commented lines',
814 silly audit report       severity: 'moderate',
814 silly audit report       vulnerable_versions: '<1.6.1',
814 silly audit report       cwe: [Array],
814 silly audit report       cvss: [Object]
814 silly audit report     }
814 silly audit report   ],
814 silly audit report   vite: [
814 silly audit report     {
814 silly audit report       id: 1107324,
814 silly audit report       url: 'https://github.com/advisories/GHSA-g4jq-h2w9-997c',
814 silly audit report       title: 'Vite middleware may serve files starting with the same name with the public directory',
814 silly audit report       severity: 'low',
814 silly audit report       vulnerable_versions: '>=6.0.0 <=6.3.5',
814 silly audit report       cwe: [Array],
814 silly audit report       cvss: [Object]
814 silly audit report     },
814 silly audit report     {
814 silly audit report       id: 1107328,
814 silly audit report       url: 'https://github.com/advisories/GHSA-jqfw-vq24-v9c3',
814 silly audit report       title: "Vite's `server.fs` settings were not applied to HTML files",
814 silly audit report       severity: 'low',
814 silly audit report       vulnerable_versions: '>=6.0.0 <=6.3.5',
814 silly audit report       cwe: [Array],
814 silly audit report       cvss: [Object]
814 silly audit report     },
814 silly audit report     {
814 silly audit report       id: 1109135,
814 silly audit report       url: 'https://github.com/advisories/GHSA-93m4-6634-74q7',
814 silly audit report       title: 'vite allows server.fs.deny bypass via backslash on Windows',
814 silly audit report       severity: 'moderate',
814 silly audit report       vulnerable_versions: '>=6.0.0 <=6.4.0',
814 silly audit report       cwe: [Array],
814 silly audit report       cvss: [Object]
814 silly audit report     },
814 silly audit report     {
814 silly audit report       id: 1120784,
814 silly audit report       url: 'https://github.com/advisories/GHSA-v6wh-96g9-6wx3',
814 silly audit report       title: 'launch-editor: NTLMv2 hash disclosure via UNC path handling on Windows',
814 silly audit report       severity: 'moderate',
814 silly audit report       vulnerable_versions: '<=6.4.2',
814 silly audit report       cwe: [Array],
814 silly audit report       cvss: [Object]
814 silly audit report     },
814 silly audit report     {
814 silly audit report       id: 1116229,
814 silly audit report       url: 'https://github.com/advisories/GHSA-4w7w-66w2-5vf9',
814 silly audit report       title: 'Vite Vulnerable to Path Traversal in Optimized Deps `.map` Handling',
814 silly audit report       severity: 'moderate',
814 silly audit report       vulnerable_versions: '<=6.4.1',
814 silly audit report       cwe: [Array],
814 silly audit report       cvss: [Object]
814 silly audit report     },
814 silly audit report     {
814 silly audit report       id: 1116234,
814 silly audit report       url: 'https://github.com/advisories/GHSA-p9ff-h696-f583',
814 silly audit report       title: 'Vite Vulnerable to Arbitrary File Read via Vite Dev Server WebSocket',
814 silly audit report       severity: 'high',
814 silly audit report       vulnerable_versions: '>=6.0.0 <=6.4.1',
814 silly audit report       cwe: [Array],
814 silly audit report       cvss: [Object]
814 silly audit report     },
814 silly audit report     {
814 silly audit report       id: 1123525,
814 silly audit report       url: 'https://github.com/advisories/GHSA-fx2h-pf6j-xcff',
814 silly audit report       title: 'vite: `server.fs.deny` bypass on Windows alternate paths',
814 silly audit report       severity: 'high',
814 silly audit report       vulnerable_versions: '<=6.4.2',
814 silly audit report       cwe: [Array],
814 silly audit report       cvss: [Object]
814 silly audit report     }
814 silly audit report   ]
814 silly audit report }
815 silly packumentCache corgi:https://registry.npmjs.org/picomatch cache-miss
816 silly packumentCache corgi:https://registry.npmjs.org/astro cache-miss
817 silly packumentCache corgi:https://registry.npmjs.org/defu cache-miss
818 silly packumentCache corgi:https://registry.npmjs.org/devalue cache-miss
819 silly packumentCache corgi:https://registry.npmjs.org/diff cache-miss
820 silly packumentCache corgi:https://registry.npmjs.org/h3 cache-miss
821 silly packumentCache corgi:https://registry.npmjs.org/js-yaml cache-miss
822 silly packumentCache corgi:https://registry.npmjs.org/mdast-util-to-hast cache-miss
823 silly packumentCache corgi:https://registry.npmjs.org/postcss cache-miss
824 silly packumentCache corgi:https://registry.npmjs.org/rollup cache-miss
825 silly packumentCache corgi:https://registry.npmjs.org/sharp cache-miss
826 silly packumentCache corgi:https://registry.npmjs.org/smol-toml cache-miss
827 silly packumentCache corgi:https://registry.npmjs.org/vite cache-miss
828 http fetch GET 200 https://registry.npmjs.org/@types/unist/-/unist-3.0.3.tgz 2047ms (cache miss)
829 http fetch GET 200 https://registry.npmjs.org/yocto-spinner/-/yocto-spinner-0.2.3.tgz 2028ms (cache miss)
830 http fetch GET 200 https://registry.npmjs.org/@types/nlcst/-/nlcst-2.0.3.tgz 2118ms (cache miss)
831 http fetch GET 200 https://registry.npmjs.org/@types/debug/-/debug-4.1.12.tgz 2120ms (cache miss)
832 http fetch GET 200 https://registry.npmjs.org/@astrojs/internal-helpers/-/internal-helpers-0.6.1.tgz 2105ms (cache miss)
833 http fetch GET 200 https://registry.npmjs.org/yoctocolors/-/yoctocolors-2.1.1.tgz 2103ms (cache miss)
834 http fetch GET 200 https://registry.npmjs.org/wrap-ansi/-/wrap-ansi-9.0.0.tgz 2103ms (cache miss)
835 http fetch GET 200 https://registry.npmjs.org/@types/ms/-/ms-2.1.0.tgz 2222ms (cache miss)
836 http fetch GET 200 https://registry.npmjs.org/@types/hast/-/hast-3.0.4.tgz 2219ms (cache miss)
837 http fetch GET 200 https://registry.npmjs.org/zwitch/-/zwitch-2.0.4.tgz 2207ms (cache miss)
838 http fetch GET 200 https://registry.npmjs.org/widest-line/-/widest-line-5.0.0.tgz 2207ms (cache miss)
839 http fetch GET 200 https://registry.npmjs.org/webidl-conversions/-/webidl-conversions-3.0.1.tgz 2206ms (cache miss)
840 http fetch GET 200 https://registry.npmjs.org/web-namespaces/-/web-namespaces-2.0.1.tgz 2207ms (cache miss)
841 http fetch GET 200 https://registry.npmjs.org/yocto-queue/-/yocto-queue-1.2.1.tgz 2287ms (cache miss)
842 http fetch GET 200 https://registry.npmjs.org/vfile-message/-/vfile-message-4.0.3.tgz 2283ms (cache miss)
843 http fetch GET 200 https://registry.npmjs.org/@types/mdast/-/mdast-4.0.4.tgz 2370ms (cache miss)
844 http fetch GET 200 https://registry.npmjs.org/which-pm-runs/-/which-pm-runs-1.1.0.tgz 2347ms (cache miss)
845 http fetch GET 200 https://registry.npmjs.org/vfile-location/-/vfile-location-5.0.3.tgz 2344ms (cache miss)
846 http fetch GET 200 https://registry.npmjs.org/unist-util-modify-children/-/unist-util-modify-children-4.0.0.tgz 2345ms (cache miss)
847 http fetch GET 200 https://registry.npmjs.org/unist-util-stringify-position/-/unist-util-stringify-position-4.0.0.tgz 2346ms (cache miss)
848 http fetch GET 200 https://registry.npmjs.org/unist-util-visit-parents/-/unist-util-visit-parents-6.0.1.tgz 2351ms (cache miss)
849 http fetch GET 200 https://registry.npmjs.org/@types/fontkit/-/fontkit-2.0.8.tgz 2438ms (cache miss)
850 http fetch GET 200 https://registry.npmjs.org/uncrypto/-/uncrypto-0.1.3.tgz 2410ms (cache miss)
851 http fetch GET 200 https://registry.npmjs.org/unist-util-is/-/unist-util-is-6.0.0.tgz 2412ms (cache miss)
852 http fetch GET 200 https://registry.npmjs.org/unicode-trie/-/unicode-trie-2.0.0.tgz 2413ms (cache miss)
853 http fetch GET 200 https://registry.npmjs.org/tinyglobby/-/tinyglobby-0.2.14.tgz 2405ms (cache miss)
854 http fetch GET 200 https://registry.npmjs.org/unifont/-/unifont-0.5.2.tgz 2474ms (cache miss)
855 http fetch GET 200 https://registry.npmjs.org/trim-lines/-/trim-lines-3.0.1.tgz 2535ms (cache miss)
856 http fetch GET 200 https://registry.npmjs.org/tinyexec/-/tinyexec-0.3.2.tgz 2537ms (cache miss)
857 http fetch GET 200 https://registry.npmjs.org/sisteransi/-/sisteransi-1.0.5.tgz 2533ms (cache miss)
858 http fetch GET 200 https://registry.npmjs.org/trough/-/trough-2.2.0.tgz 2541ms (cache miss)
859 http fetch GET 200 https://registry.npmjs.org/retext/-/retext-9.0.0.tgz 2531ms (cache miss)
860 http fetch GET 200 https://registry.npmjs.org/strip-ansi/-/strip-ansi-7.1.0.tgz 2625ms (cache miss)
861 http fetch GET 200 https://registry.npmjs.org/simple-swizzle/-/simple-swizzle-0.2.2.tgz 2622ms (cache miss)
862 http fetch GET 200 https://registry.npmjs.org/remark-smartypants/-/remark-smartypants-3.0.2.tgz 2617ms (cache miss)
863 http fetch GET 200 https://registry.npmjs.org/string-width/-/string-width-7.2.0.tgz 2721ms (cache miss)
864 http fetch GET 200 https://registry.npmjs.org/space-separated-tokens/-/space-separated-tokens-2.0.2.tgz 2718ms (cache miss)
865 http fetch GET 200 https://registry.npmjs.org/retext-stringify/-/retext-stringify-4.0.0.tgz 2721ms (cache miss)
866 http fetch GET 200 https://registry.npmjs.org/regex-utilities/-/regex-utilities-2.3.0.tgz 2716ms (cache miss)
867 http fetch GET 200 https://registry.npmjs.org/p-limit/-/p-limit-6.2.0.tgz 2705ms (cache miss)
868 http fetch GET 200 https://registry.npmjs.org/retext-latin/-/retext-latin-4.0.0.tgz 2798ms (cache miss)
869 http fetch GET 200 https://registry.npmjs.org/remark-stringify/-/remark-stringify-11.0.0.tgz 2797ms (cache miss)
870 http fetch GET 200 https://registry.npmjs.org/rehype-parse/-/rehype-parse-9.0.1.tgz 2794ms (cache miss)
871 http fetch GET 200 https://registry.npmjs.org/rehype-stringify/-/rehype-stringify-10.0.1.tgz 2803ms (cache miss)
872 http fetch GET 200 https://registry.npmjs.org/readdirp/-/readdirp-4.1.2.tgz 2893ms (cache miss)
873 http fetch GET 200 https://registry.npmjs.org/rehype/-/rehype-13.0.2.tgz 2959ms (cache miss)
874 http fetch GET 200 https://registry.npmjs.org/ohash/-/ohash-2.0.11.tgz 2949ms (cache miss)
875 http fetch GET 200 https://registry.npmjs.org/micromark-util-encode/-/micromark-util-encode-2.0.1.tgz 2938ms (cache miss)
876 http fetch GET 200 https://registry.npmjs.org/package-manager-detector/-/package-manager-detector-1.3.0.tgz 3042ms (cache miss)
877 http fetch GET 200 https://registry.npmjs.org/nlcst-to-string/-/nlcst-to-string-4.0.0.tgz 3045ms (cache miss)
878 http fetch GET 200 https://registry.npmjs.org/p-queue/-/p-queue-8.1.0.tgz 3042ms (cache miss)
879 http fetch GET 200 https://registry.npmjs.org/p-timeout/-/p-timeout-6.1.4.tgz 3046ms (cache miss)
880 http fetch GET 200 https://registry.npmjs.org/html-escaper/-/html-escaper-3.0.3.tgz 3038ms (cache miss)
881 http fetch GET 200 https://registry.npmjs.org/nanoid/-/nanoid-3.3.11.tgz 3038ms (cache miss)
882 http fetch GET 200 https://registry.npmjs.org/micromark-util-normalize-identifier/-/micromark-util-normalize-identifier-2.0.1.tgz 3105ms (cache miss)
883 http fetch GET 200 https://registry.npmjs.org/micromark-extension-gfm-tagfilter/-/micromark-extension-gfm-tagfilter-2.0.0.tgz 3096ms (cache miss)
884 http fetch GET 200 https://registry.npmjs.org/micromark-extension-gfm/-/micromark-extension-gfm-3.0.0.tgz 3094ms (cache miss)
885 http fetch GET 200 https://registry.npmjs.org/zod-to-ts/-/zod-to-ts-1.2.0.tgz 3269ms (cache miss)
886 http fetch GET 200 https://registry.npmjs.org/unist-util-position/-/unist-util-position-5.0.0.tgz 3259ms (cache miss)
887 http fetch GET 200 https://registry.npmjs.org/tiny-inflate/-/tiny-inflate-1.0.3.tgz 3250ms (cache miss)
888 http fetch GET 200 https://registry.npmjs.org/micromark-util-resolve-all/-/micromark-util-resolve-all-2.0.1.tgz 3219ms (cache miss)
889 http fetch GET 200 https://registry.npmjs.org/micromark-util-sanitize-uri/-/micromark-util-sanitize-uri-2.0.1.tgz 3221ms (cache miss)
890 http fetch GET 200 https://registry.npmjs.org/micromark-util-chunked/-/micromark-util-chunked-2.0.1.tgz 3217ms (cache miss)
891 http fetch GET 200 https://registry.npmjs.org/micromark-util-decode-numeric-character-reference/-/micromark-util-decode-numeric-character-reference-2.0.2.tgz 3220ms (cache miss)
892 http fetch GET 200 https://registry.npmjs.org/micromark-factory-whitespace/-/micromark-factory-whitespace-2.0.1.tgz 3219ms (cache miss)
893 http fetch GET 200 https://registry.npmjs.org/micromark-util-character/-/micromark-util-character-2.1.1.tgz 3223ms (cache miss)
894 http fetch GET 200 https://registry.npmjs.org/mdast-util-to-string/-/mdast-util-to-string-4.0.0.tgz 3210ms (cache miss)
895 http fetch GET 200 https://registry.npmjs.org/micromark-factory-label/-/micromark-factory-label-2.0.1.tgz 3223ms (cache miss)
896 http fetch GET 200 https://registry.npmjs.org/unist-util-visit/-/unist-util-visit-5.0.0.tgz 3346ms (cache miss)
897 http fetch GET 200 https://registry.npmjs.org/unist-util-visit-children/-/unist-util-visit-children-3.0.0.tgz 3359ms (cache miss)
898 http fetch GET 200 https://registry.npmjs.org/micromark-util-types/-/micromark-util-types-2.0.2.tgz 3314ms (cache miss)
899 http fetch GET 200 https://registry.npmjs.org/micromark-util-decode-string/-/micromark-util-decode-string-2.0.1.tgz 3313ms (cache miss)
900 http fetch GET 200 https://registry.npmjs.org/micromark-factory-destination/-/micromark-factory-destination-2.0.1.tgz 3305ms (cache miss)
901 http fetch GET 200 https://registry.npmjs.org/micromark-extension-gfm-task-list-item/-/micromark-extension-gfm-task-list-item-2.1.0.tgz 3309ms (cache miss)
902 http fetch GET 200 https://registry.npmjs.org/mdast-util-gfm-autolink-literal/-/mdast-util-gfm-autolink-literal-2.0.1.tgz 3298ms (cache miss)
903 http fetch GET 200 https://registry.npmjs.org/mdast-util-definitions/-/mdast-util-definitions-6.0.0.tgz 3304ms (cache miss)
904 http fetch GET 200 https://registry.npmjs.org/@capsizecss/unpack/-/unpack-2.4.0.tgz 3444ms (cache miss)
905 http fetch GET 200 https://registry.npmjs.org/unist-util-remove-position/-/unist-util-remove-position-5.0.0.tgz 3430ms (cache miss)
906 http fetch GET 200 https://registry.npmjs.org/micromark-util-html-tag-name/-/micromark-util-html-tag-name-2.0.1.tgz 3378ms (cache miss)
907 http fetch GET 200 https://registry.npmjs.org/mrmime/-/mrmime-2.0.1.tgz 3381ms (cache miss)
908 http fetch GET 200 https://registry.npmjs.org/micromark-util-classify-character/-/micromark-util-classify-character-2.0.1.tgz 3376ms (cache miss)
909 http fetch GET 200 https://registry.npmjs.org/micromark-factory-space/-/micromark-factory-space-2.0.1.tgz 3376ms (cache miss)
910 http fetch GET 200 https://registry.npmjs.org/mdast-util-phrasing/-/mdast-util-phrasing-4.1.0.tgz 3363ms (cache miss)
911 http fetch GET 200 https://registry.npmjs.org/mdast-util-gfm-footnote/-/mdast-util-gfm-footnote-2.1.0.tgz 3355ms (cache miss)
912 http fetch GET 200 https://registry.npmjs.org/micromark-factory-title/-/micromark-factory-title-2.0.1.tgz 3414ms (cache miss)
913 http fetch GET 200 https://registry.npmjs.org/micromark-extension-gfm-strikethrough/-/micromark-extension-gfm-strikethrough-2.1.0.tgz 3407ms (cache miss)
914 http fetch GET 200 https://registry.npmjs.org/mdast-util-gfm-task-list-item/-/mdast-util-gfm-task-list-item-2.0.0.tgz 3399ms (cache miss)
915 http fetch GET 200 https://registry.npmjs.org/markdown-table/-/markdown-table-3.0.4.tgz 3397ms (cache miss)
916 http fetch GET 200 https://registry.npmjs.org/mdast-util-gfm-strikethrough/-/mdast-util-gfm-strikethrough-2.0.0.tgz 3402ms (cache miss)
917 http fetch GET 200 https://registry.npmjs.org/mdast-util-find-and-replace/-/mdast-util-find-and-replace-3.0.2.tgz 3393ms (cache miss)
918 http fetch GET 200 https://registry.npmjs.org/@shikijs/types/-/types-3.8.1.tgz 3547ms (cache miss)
919 http fetch GET 200 https://registry.npmjs.org/longest-streak/-/longest-streak-3.1.0.tgz 3443ms (cache miss)
920 http fetch GET 200 https://registry.npmjs.org/is-plain-obj/-/is-plain-obj-4.1.0.tgz 3443ms (cache miss)
921 http fetch GET 200 https://registry.npmjs.org/hast-util-to-text/-/hast-util-to-text-4.0.2.tgz 3436ms (cache miss)
922 http fetch GET 200 https://registry.npmjs.org/hast-util-raw/-/hast-util-raw-9.1.0.tgz 3434ms (cache miss)
923 http fetch GET 200 https://registry.npmjs.org/unist-util-find-after/-/unist-util-find-after-5.0.0.tgz 3553ms (cache miss)
924 http fetch GET 200 https://registry.npmjs.org/is-wsl/-/is-wsl-3.1.0.tgz 3478ms (cache miss)
925 http fetch GET 200 https://registry.npmjs.org/mdast-util-gfm/-/mdast-util-gfm-3.1.0.tgz 3488ms (cache miss)
926 http fetch GET 200 https://registry.npmjs.org/is-docker/-/is-docker-3.0.0.tgz 3478ms (cache miss)
927 http fetch GET 200 https://registry.npmjs.org/html-void-elements/-/html-void-elements-3.0.0.tgz 3482ms (cache miss)
928 http fetch GET 200 https://registry.npmjs.org/remark-parse/-/remark-parse-11.0.0.tgz 3580ms (cache miss)
929 http fetch GET 200 https://registry.npmjs.org/micromark-util-combine-extensions/-/micromark-util-combine-extensions-2.0.1.tgz 3556ms (cache miss)
930 http fetch GET 200 https://registry.npmjs.org/hast-util-is-element/-/hast-util-is-element-3.0.0.tgz 3517ms (cache miss)
931 http fetch GET 200 https://registry.npmjs.org/hast-util-parse-selector/-/hast-util-parse-selector-4.0.0.tgz 3521ms (cache miss)
932 http fetch GET 200 https://registry.npmjs.org/is-fullwidth-code-point/-/is-fullwidth-code-point-3.0.0.tgz 3524ms (cache miss)
933 http fetch GET 200 https://registry.npmjs.org/rehype-raw/-/rehype-raw-7.0.0.tgz 3652ms (cache miss)
934 http fetch GET 200 https://registry.npmjs.org/is-inside-container/-/is-inside-container-1.0.0.tgz 3606ms (cache miss)
935 http fetch GET 200 https://registry.npmjs.org/get-east-asian-width/-/get-east-asian-width-1.3.0.tgz 3599ms (cache miss)
936 http fetch GET 200 https://registry.npmjs.org/fontace/-/fontace-0.3.0.tgz 3603ms (cache miss)
937 http fetch GET 200 https://registry.npmjs.org/hast-util-whitespace/-/hast-util-whitespace-3.0.0.tgz 3608ms (cache miss)
938 http fetch GET 200 https://registry.npmjs.org/deterministic-object-hash/-/deterministic-object-hash-2.0.2.tgz 3599ms (cache miss)
939 http fetch GET 200 https://registry.npmjs.org/defu/-/defu-6.1.4.tgz 3600ms (cache miss)
940 http fetch GET 200 https://registry.npmjs.org/http-cache-semantics/-/http-cache-semantics-4.2.0.tgz 3689ms (cache miss)
941 http fetch GET 200 https://registry.npmjs.org/estree-walker/-/estree-walker-3.0.3.tgz 3679ms (cache miss)
942 http fetch GET 200 https://registry.npmjs.org/flattie/-/flattie-1.1.1.tgz 3681ms (cache miss)
943 http fetch GET 200 https://registry.npmjs.org/extend/-/extend-3.0.2.tgz 3683ms (cache miss)
944 http fetch GET 200 https://registry.npmjs.org/escape-string-regexp/-/escape-string-regexp-5.0.0.tgz 3684ms (cache miss)
945 http fetch GET 200 https://registry.npmjs.org/cssesc/-/cssesc-3.0.0.tgz 3677ms (cache miss)
946 http fetch GET 200 https://registry.npmjs.org/whatwg-url/-/whatwg-url-5.0.0.tgz 3837ms (cache miss)
947 http fetch GET 200 https://registry.npmjs.org/hast-util-to-parse5/-/hast-util-to-parse5-8.0.0.tgz 3757ms (cache miss)
948 http fetch GET 200 https://registry.npmjs.org/hast-util-from-html/-/hast-util-from-html-2.0.3.tgz 3756ms (cache miss)
949 http fetch GET 200 https://registry.npmjs.org/hast-util-from-parse5/-/hast-util-from-parse5-8.0.3.tgz 3763ms (cache miss)
950 http fetch GET 200 https://registry.npmjs.org/devlop/-/devlop-1.1.0.tgz 3753ms (cache miss)
951 http fetch GET 200 https://registry.npmjs.org/detect-libc/-/detect-libc-2.0.4.tgz 3754ms (cache miss)
952 http fetch GET 200 https://registry.npmjs.org/cookie/-/cookie-1.0.2.tgz 3752ms (cache miss)
953 http fetch GET 200 https://registry.npmjs.org/common-ancestor-path/-/common-ancestor-path-1.0.1.tgz 3759ms (cache miss)
954 http fetch GET 200 https://registry.npmjs.org/is-arrayish/-/is-arrayish-0.3.2.tgz 3836ms (cache miss)
955 http fetch GET 200 https://registry.npmjs.org/destr/-/destr-2.0.5.tgz 3823ms (cache miss)
956 http fetch GET 200 https://registry.npmjs.org/decode-named-character-reference/-/decode-named-character-reference-1.2.0.tgz 3829ms (cache miss)
957 http fetch GET 200 https://registry.npmjs.org/cli-boxes/-/cli-boxes-3.0.0.tgz 3824ms (cache miss)
958 http fetch GET 200 https://registry.npmjs.org/character-entities-html4/-/character-entities-html4-2.1.0.tgz 3831ms (cache miss)
959 http fetch GET 200 https://registry.npmjs.org/unicode-properties/-/unicode-properties-1.4.1.tgz 3987ms (cache miss)
960 http fetch GET 200 https://registry.npmjs.org/regex-recursion/-/regex-recursion-6.0.2.tgz 3965ms (cache miss)
961 http fetch GET 200 https://registry.npmjs.org/emoji-regex/-/emoji-regex-10.4.0.tgz 3892ms (cache miss)
962 http fetch GET 200 https://registry.npmjs.org/color/-/color-4.2.3.tgz 3890ms (cache miss)
963 http fetch GET 200 https://registry.npmjs.org/color-string/-/color-string-1.9.1.tgz 3893ms (cache miss)
964 http fetch GET 200 https://registry.npmjs.org/clsx/-/clsx-2.1.1.tgz 3893ms (cache miss)
965 http fetch GET 200 https://registry.npmjs.org/camelcase/-/camelcase-8.0.0.tgz 3891ms (cache miss)
966 http fetch GET 200 https://registry.npmjs.org/base64-js/-/base64-js-1.5.1.tgz 3914ms (cache miss)
967 http fetch GET 200 https://registry.npmjs.org/clone/-/clone-2.1.2.tgz 3948ms (cache miss)
968 http fetch GET 200 https://registry.npmjs.org/character-entities-legacy/-/character-entities-legacy-3.0.0.tgz 3951ms (cache miss)
969 http fetch GET 200 https://registry.npmjs.org/estree-walker/-/estree-walker-2.0.2.tgz 3941ms (cache miss)
970 http fetch GET 200 https://registry.npmjs.org/ccount/-/ccount-2.0.1.tgz 3948ms (cache miss)
971 http fetch GET 200 https://registry.npmjs.org/strip-ansi/-/strip-ansi-6.0.1.tgz 3940ms (cache miss)
972 http fetch GET 200 https://registry.npmjs.org/@astrojs/prism/-/prism-3.3.0.tgz 4122ms (cache miss)
973 http fetch GET 200 https://registry.npmjs.org/ansi-align/-/ansi-align-3.0.1.tgz 3956ms (cache miss)
974 http fetch GET 200 https://registry.npmjs.org/vitefu/-/vitefu-1.1.1.tgz 4113ms (cache miss)
975 http fetch GET 200 https://registry.npmjs.org/remark-gfm/-/remark-gfm-4.0.1.tgz 4082ms (cache miss)
976 http fetch GET 200 https://registry.npmjs.org/comma-separated-tokens/-/comma-separated-tokens-2.0.3.tgz 4012ms (cache miss)
977 http fetch GET 200 https://registry.npmjs.org/chalk/-/chalk-5.4.1.tgz 4006ms (cache miss)
978 http fetch GET 200 https://registry.npmjs.org/cookie-es/-/cookie-es-1.2.2.tgz 4018ms (cache miss)
979 http fetch GET 200 https://registry.npmjs.org/blob-to-buffer/-/blob-to-buffer-1.2.9.tgz 4005ms (cache miss)
980 http fetch GET 200 https://registry.npmjs.org/kleur/-/kleur-3.0.3.tgz 4005ms (cache miss)
981 http fetch GET 200 https://registry.npmjs.org/base-64/-/base-64-1.0.0.tgz 4022ms (cache miss)
982 http fetch GET 200 https://registry.npmjs.org/bail/-/bail-2.0.2.tgz 4029ms (cache miss)
983 http fetch GET 200 https://registry.npmjs.org/ansi-styles/-/ansi-styles-6.2.1.tgz 4058ms (cache miss)
984 http fetch GET 200 https://registry.npmjs.org/ansi-regex/-/ansi-regex-6.1.0.tgz 4062ms (cache miss)
985 http fetch GET 200 https://registry.npmjs.org/array-iterate/-/array-iterate-2.0.1.tgz 4064ms (cache miss)
986 http fetch GET 200 https://registry.npmjs.org/emoji-regex/-/emoji-regex-8.0.0.tgz 4064ms (cache miss)
987 http fetch GET 200 https://registry.npmjs.org/boxen/-/boxen-8.0.1.tgz 4114ms (cache miss)
988 http fetch GET 200 https://registry.npmjs.org/string-width/-/string-width-4.2.3.tgz 4092ms (cache miss)
989 http fetch GET 200 https://registry.npmjs.org/@rollup/pluginutils/-/pluginutils-5.2.0.tgz 4298ms (cache miss)
990 http fetch GET 200 https://registry.npmjs.org/@shikijs/vscode-textmate/-/vscode-textmate-10.0.2.tgz 4301ms (cache miss)
991 http fetch GET 200 https://registry.npmjs.org/mdast-util-gfm-table/-/mdast-util-gfm-table-2.0.0.tgz 4196ms (cache miss)
992 http fetch GET 200 https://registry.npmjs.org/character-entities/-/character-entities-2.0.2.tgz 4276ms (cache miss)
993 http fetch GET 200 https://registry.npmjs.org/defu 3680ms (cache miss)
994 silly packumentCache corgi:https://registry.npmjs.org/defu set size:undefined disposed:false
995 http fetch GET 200 https://registry.npmjs.org/retext-smartypants/-/retext-smartypants-6.2.0.tgz 4442ms (cache miss)
996 http fetch GET 200 https://registry.npmjs.org/github-slugger/-/github-slugger-2.0.0.tgz 4385ms (cache miss)
997 http fetch GET 200 https://registry.npmjs.org/devalue 3768ms (cache miss)
998 silly packumentCache corgi:https://registry.npmjs.org/devalue set size:undefined disposed:false
999 http fetch GET 200 https://registry.npmjs.org/ansi-regex/-/ansi-regex-5.0.1.tgz 4362ms (cache miss)
1000 http fetch GET 200 https://registry.npmjs.org/smol-toml 3781ms (cache miss)
1001 silly packumentCache corgi:https://registry.npmjs.org/smol-toml set size:undefined disposed:false
1002 http fetch GET 200 https://registry.npmjs.org/remark-rehype/-/remark-rehype-11.1.2.tgz 4560ms (cache miss)
1003 http fetch GET 200 https://registry.npmjs.org/radix3/-/radix3-1.1.2.tgz 4552ms (cache miss)
1004 http fetch GET 200 https://registry.npmjs.org/tr46/-/tr46-0.0.3.tgz 4576ms (cache miss)
1005 http fetch GET 200 https://registry.npmjs.org/diff 3877ms (cache miss)
1006 silly packumentCache corgi:https://registry.npmjs.org/diff set size:undefined disposed:false
1007 http fetch GET 200 https://registry.npmjs.org/picomatch 3895ms (cache miss)
1008 silly packumentCache corgi:https://registry.npmjs.org/picomatch set size:undefined disposed:false
1009 http fetch GET 200 https://registry.npmjs.org/@oslojs/encoding/-/encoding-1.1.0.tgz 4671ms (cache miss)
1010 http fetch GET 200 https://registry.npmjs.org/ufo/-/ufo-1.6.1.tgz 4645ms (cache miss)
1011 http fetch GET 200 https://registry.npmjs.org/js-yaml 3931ms (cache miss)
1012 silly packumentCache corgi:https://registry.npmjs.org/js-yaml set size:undefined disposed:false
1013 http fetch GET 200 https://registry.npmjs.org/@babel/helper-validator-identifier/-/helper-validator-identifier-7.27.1.tgz 4724ms (cache miss)
1014 http fetch GET 200 https://registry.npmjs.org/@shikijs/core/-/core-3.8.1.tgz 4777ms (cache miss)
1015 http fetch GET 200 https://registry.npmjs.org/kleur/-/kleur-4.1.5.tgz 4667ms (cache miss)
1016 http fetch GET 200 https://registry.npmjs.org/ci-info/-/ci-info-4.3.0.tgz 4637ms (cache miss)
1017 http fetch GET 200 https://registry.npmjs.org/dfa/-/dfa-1.2.0.tgz 4653ms (cache miss)
1018 http fetch GET 200 https://registry.npmjs.org/mdast-util-to-hast 4032ms (cache miss)
1019 silly packumentCache corgi:https://registry.npmjs.org/mdast-util-to-hast set size:undefined disposed:false
1020 http fetch GET 200 https://registry.npmjs.org/node-fetch/-/node-fetch-2.7.0.tgz 4763ms (cache miss)
1021 http fetch GET 200 https://registry.npmjs.org/@shikijs/engine-javascript/-/engine-javascript-3.8.1.tgz 4910ms (cache miss)
1022 http fetch GET 200 https://registry.npmjs.org/debug/-/debug-4.4.1.tgz 4850ms (cache miss)
1023 http fetch GET 200 https://registry.npmjs.org/iron-webcrypto/-/iron-webcrypto-1.2.1.tgz 4927ms (cache miss)
1024 http fetch GET 200 https://registry.npmjs.org/esbuild/-/esbuild-0.25.8.tgz 4913ms (cache miss)
1025 http fetch GET 200 https://registry.npmjs.org/unified/-/unified-11.0.5.tgz 5101ms (cache miss)
1026 http fetch GET 200 https://registry.npmjs.org/es-module-lexer/-/es-module-lexer-1.7.0.tgz 5000ms (cache miss)
1027 http fetch GET 200 https://registry.npmjs.org/h3 4396ms (cache miss)
1028 silly packumentCache corgi:https://registry.npmjs.org/h3 set size:undefined disposed:false
1029 http fetch GET 200 https://registry.npmjs.org/sharp 4423ms (cache miss)
1030 silly packumentCache corgi:https://registry.npmjs.org/sharp set size:undefined disposed:false
1031 http fetch GET 200 https://registry.npmjs.org/dset/-/dset-3.1.4.tgz 5151ms (cache miss)
1032 http fetch GET 200 https://registry.npmjs.org/yargs-parser/-/yargs-parser-21.1.1.tgz 5225ms (cache miss)
1033 http fetch GET 200 https://registry.npmjs.org/postcss 4621ms (cache miss)
1034 silly packumentCache corgi:https://registry.npmjs.org/postcss set size:undefined disposed:false
1035 http fetch GET 200 https://registry.npmjs.org/@ungap/structured-clone/-/structured-clone-1.3.0.tgz 5500ms (cache miss)
1036 http fetch GET 200 https://registry.npmjs.org/dequal/-/dequal-2.0.3.tgz 5345ms (cache miss)
1037 http fetch GET 200 https://registry.npmjs.org/@astrojs/telemetry/-/telemetry-3.3.0.tgz 5525ms (cache miss)
1038 http fetch GET 200 https://registry.npmjs.org/eventemitter3/-/eventemitter3-5.0.1.tgz 5408ms (cache miss)
1039 http fetch GET 200 https://registry.npmjs.org/picomatch/-/picomatch-2.3.1.tgz 5389ms (cache miss)
1040 http fetch GET 200 https://registry.npmjs.org/chokidar/-/chokidar-4.0.3.tgz 5509ms (cache miss)
1041 http fetch GET 200 https://registry.npmjs.org/devalue/-/devalue-5.1.1.tgz 5541ms (cache miss)
1042 http fetch GET 200 https://registry.npmjs.org/xxhash-wasm/-/xxhash-wasm-1.1.0.tgz 5682ms (cache miss)
1043 http fetch GET 200 https://registry.npmjs.org/h3/-/h3-1.15.3.tgz 5602ms (cache miss)
1044 http fetch GET 200 https://registry.npmjs.org/micromark-util-subtokenize/-/micromark-util-subtokenize-2.1.0.tgz 5674ms (cache miss)
1045 http fetch GET 200 https://registry.npmjs.org/tsconfck/-/tsconfck-3.1.6.tgz 5720ms (cache miss)
1046 http fetch GET 200 https://registry.npmjs.org/cross-fetch/-/cross-fetch-3.2.0.tgz 5647ms (cache miss)
1047 http fetch GET 200 https://registry.npmjs.org/import-meta-resolve/-/import-meta-resolve-4.1.0.tgz 5701ms (cache miss)
1048 http fetch GET 200 https://registry.npmjs.org/micromark-extension-gfm-footnote/-/micromark-extension-gfm-footnote-2.1.0.tgz 5781ms (cache miss)
1049 http fetch GET 200 https://registry.npmjs.org/micromark-extension-gfm-autolink-literal/-/micromark-extension-gfm-autolink-literal-2.1.0.tgz 5807ms (cache miss)
1050 http fetch GET 200 https://registry.npmjs.org/magic-string/-/magic-string-0.30.17.tgz 5827ms (cache miss)
1051 http fetch GET 200 https://registry.npmjs.org/neotraverse/-/neotraverse-0.6.18.tgz 5902ms (cache miss)
1052 http fetch GET 200 https://registry.npmjs.org/micromark-util-symbol/-/micromark-util-symbol-2.0.1.tgz 5947ms (cache miss)
1053 http fetch GET 200 https://registry.npmjs.org/acorn/-/acorn-8.15.0.tgz 5868ms (cache miss)
1054 http fetch GET 200 https://registry.npmjs.org/mdast-util-from-markdown/-/mdast-util-from-markdown-2.0.2.tgz 5935ms (cache miss)
1055 http fetch GET 200 https://registry.npmjs.org/@shikijs/engine-oniguruma/-/engine-oniguruma-3.8.1.tgz 6073ms (cache miss)
1056 http fetch GET 200 https://registry.npmjs.org/ofetch/-/ofetch-1.4.1.tgz 6094ms (cache miss)
1057 http fetch GET 200 https://registry.npmjs.org/smol-toml/-/smol-toml-1.4.1.tgz 6206ms (cache miss)
1058 http fetch GET 200 https://registry.npmjs.org/stringify-entities/-/stringify-entities-4.0.4.tgz 6257ms (cache miss)
1059 http fetch GET 200 https://registry.npmjs.org/@jridgewell/sourcemap-codec/-/sourcemap-codec-1.5.4.tgz 6406ms (cache miss)
1060 http fetch GET 200 https://registry.npmjs.org/magicast/-/magicast-0.3.5.tgz 6394ms (cache miss)
1061 http fetch GET 200 https://registry.npmjs.org/@astrojs/markdown-remark/-/markdown-remark-6.3.3.tgz 6553ms (cache miss)
1062 http fetch GET 200 https://registry.npmjs.org/vfile/-/vfile-6.0.3.tgz 6553ms (cache miss)
1063 http fetch GET 200 https://registry.npmjs.org/hastscript/-/hastscript-9.0.1.tgz 6466ms (cache miss)
1064 http fetch GET 200 https://registry.npmjs.org/undici-types/-/undici-types-7.8.0.tgz 6678ms (cache miss)
1065 http fetch GET 200 https://registry.npmjs.org/lru-cache/-/lru-cache-10.4.3.tgz 6727ms (cache miss)
1066 http fetch GET 200 https://registry.npmjs.org/vite 6087ms (cache miss)
1067 silly packumentCache corgi:https://registry.npmjs.org/vite set size:undefined disposed:false
1068 http fetch GET 200 https://registry.npmjs.org/mdn-data/-/mdn-data-2.12.2.tgz 6993ms (cache miss)
1069 http fetch GET 200 https://registry.npmjs.org/@babel/parser/-/parser-7.28.0.tgz 7154ms (cache miss)
1070 http fetch GET 200 https://registry.npmjs.org/rollup 6489ms (cache miss)
1071 silly packumentCache corgi:https://registry.npmjs.org/rollup set size:undefined disposed:false
1072 http fetch GET 200 https://registry.npmjs.org/micromark-extension-gfm-table/-/micromark-extension-gfm-table-2.1.1.tgz 7247ms (cache miss)
1073 http fetch GET 200 https://registry.npmjs.org/sharp/-/sharp-0.33.5.tgz 7342ms (cache miss)
1074 http fetch GET 200 https://registry.npmjs.org/pako/-/pako-0.2.9.tgz 7385ms (cache miss)
1075 http fetch GET 200 https://registry.npmjs.org/brotli/-/brotli-1.3.3.tgz 7299ms (cache miss)
1076 http fetch GET 200 https://registry.npmjs.org/restructure/-/restructure-3.0.2.tgz 7435ms (cache miss)
1077 http fetch GET 200 https://registry.npmjs.org/ultrahtml/-/ultrahtml-1.6.0.tgz 7460ms (cache miss)
1078 http fetch GET 200 https://registry.npmjs.org/diff/-/diff-5.2.0.tgz 7378ms (cache miss)
1079 http fetch GET 200 https://registry.npmjs.org/node-fetch-native/-/node-fetch-native-1.6.6.tgz 7498ms (cache miss)
1080 http fetch GET 200 https://registry.npmjs.org/node-mock-http/-/node-mock-http-1.0.1.tgz 7552ms (cache miss)
1081 http fetch GET 200 https://registry.npmjs.org/oniguruma-to-es/-/oniguruma-to-es-4.3.3.tgz 7566ms (cache miss)
1082 http fetch GET 200 https://registry.npmjs.org/js-yaml/-/js-yaml-4.1.0.tgz 7527ms (cache miss)
1083 http fetch GET 200 https://registry.npmjs.org/property-information/-/property-information-6.5.0.tgz 7615ms (cache miss)
1084 http fetch GET 200 https://registry.npmjs.org/@rollup/rollup-win32-x64-msvc/-/rollup-win32-x64-msvc-4.46.1.tgz 7821ms (cache miss)
1085 http fetch GET 200 https://registry.npmjs.org/semver/-/semver-7.7.2.tgz 7851ms (cache miss)
1086 http fetch GET 200 https://registry.npmjs.org/parse-latin/-/parse-latin-7.0.0.tgz 7924ms (cache miss)
1087 http fetch GET 200 https://registry.npmjs.org/astro 7247ms (cache miss)
1088 silly packumentCache corgi:https://registry.npmjs.org/astro set size:undefined disposed:false
1089 http fetch GET 200 https://registry.npmjs.org/hast-util-to-html/-/hast-util-to-html-9.0.5.tgz 8912ms (cache miss)
1090 silly packumentCache corgi:https://registry.npmjs.org/anymatch cache-miss
1091 http fetch GET 200 https://registry.npmjs.org/regex/-/regex-6.0.1.tgz 9196ms (cache miss)
1092 http fetch GET 200 https://registry.npmjs.org/fdir/-/fdir-6.4.6.tgz 9144ms (cache miss)
1093 http fetch GET 200 https://registry.npmjs.org/anymatch 116ms (cache miss)
1094 silly packumentCache corgi:https://registry.npmjs.org/anymatch set size:undefined disposed:false
1095 http fetch GET 200 https://registry.npmjs.org/rollup/-/rollup-4.46.1.tgz 9309ms (cache miss)
1096 http fetch GET 200 https://registry.npmjs.org/property-information/-/property-information-7.1.0.tgz 9317ms (cache miss)
1097 silly packumentCache corgi:https://registry.npmjs.org/@rollup%2fpluginutils cache-miss
1098 silly packumentCache corgi:https://registry.npmjs.org/fdir cache-miss
1099 silly packumentCache corgi:https://registry.npmjs.org/tinyglobby cache-miss
1100 http fetch GET 200 https://registry.npmjs.org/crossws/-/crossws-0.3.5.tgz 9426ms (cache miss)
1101 http fetch GET 200 https://registry.npmjs.org/@rollup%2fpluginutils 206ms (cache miss)
1102 silly packumentCache corgi:https://registry.npmjs.org/@rollup%2fpluginutils set size:undefined disposed:false
1103 http fetch GET 200 https://registry.npmjs.org/tinyglobby 212ms (cache miss)
1104 silly packumentCache corgi:https://registry.npmjs.org/tinyglobby set size:undefined disposed:false
1105 http fetch GET 200 https://registry.npmjs.org/fdir 219ms (cache miss)
1106 silly packumentCache corgi:https://registry.npmjs.org/fdir set size:undefined disposed:false
1107 http fetch GET 200 https://registry.npmjs.org/vite/-/vite-6.3.5.tgz 9600ms (cache miss)
1108 http fetch GET 200 https://registry.npmjs.org/mdast-util-to-hast/-/mdast-util-to-hast-13.2.0.tgz 9898ms (cache miss)
1109 silly packumentCache corgi:https://registry.npmjs.org/unstorage cache-miss
1110 http fetch GET 200 https://registry.npmjs.org/@types/node/-/node-24.1.0.tgz 10153ms (cache miss)
1111 http fetch GET 200 https://registry.npmjs.org/unstorage 135ms (cache miss)
1112 silly packumentCache corgi:https://registry.npmjs.org/unstorage set size:undefined disposed:false
1113 http fetch GET 200 https://registry.npmjs.org/prompts/-/prompts-2.4.2.tgz 10173ms (cache miss)
1114 silly packumentCache corgi:https://registry.npmjs.org/@astrojs%2fmarkdown-remark cache-miss
1115 http fetch GET 200 https://registry.npmjs.org/micromark/-/micromark-4.0.2.tgz 10301ms (cache miss)
1116 http fetch GET 200 https://registry.npmjs.org/@astrojs%2fmarkdown-remark 246ms (cache miss)
1117 silly packumentCache corgi:https://registry.npmjs.org/@astrojs%2fmarkdown-remark set size:undefined disposed:false
1118 silly packumentCache corgi:https://registry.npmjs.org/hast-util-raw cache-miss
1119 silly packumentCache corgi:https://registry.npmjs.org/hast-util-to-html cache-miss
1120 silly packumentCache corgi:https://registry.npmjs.org/remark-rehype cache-miss
1121 http fetch GET 200 https://registry.npmjs.org/parse5/-/parse5-7.3.0.tgz 10563ms (cache miss)
1122 http fetch GET 200 https://registry.npmjs.org/@astrojs/compiler/-/compiler-2.12.2.tgz 10662ms (cache miss)
1123 http fetch GET 200 https://registry.npmjs.org/hast-util-raw 115ms (cache miss)
1124 silly packumentCache corgi:https://registry.npmjs.org/hast-util-raw set size:undefined disposed:false
1125 http fetch GET 200 https://registry.npmjs.org/remark-rehype 128ms (cache miss)
1126 silly packumentCache corgi:https://registry.npmjs.org/remark-rehype set size:undefined disposed:false
1127 http fetch GET 200 https://registry.npmjs.org/hast-util-to-html 137ms (cache miss)
1128 silly packumentCache corgi:https://registry.npmjs.org/hast-util-to-html set size:undefined disposed:false
1129 silly packumentCache corgi:https://registry.npmjs.org/vitefu cache-miss
1130 http fetch GET 200 https://registry.npmjs.org/entities/-/entities-6.0.1.tgz 11781ms (cache miss)
1131 http fetch GET 200 https://registry.npmjs.org/vitefu 337ms (cache miss)
1132 silly packumentCache corgi:https://registry.npmjs.org/vitefu set size:undefined disposed:false
1133 http fetch GET 200 https://registry.npmjs.org/@esbuild/win32-x64/-/win32-x64-0.25.8.tgz 12128ms (cache miss)
1134 http fetch GET 200 https://registry.npmjs.org/unstorage/-/unstorage-1.16.1.tgz 12127ms (cache miss)
1135 http fetch GET 200 https://registry.npmjs.org/@shikijs/themes/-/themes-3.8.1.tgz 12336ms (cache miss)
1136 http fetch GET 200 https://registry.npmjs.org/micromark-core-commonmark/-/micromark-core-commonmark-2.0.3.tgz 12592ms (cache miss)
1137 http fetch GET 200 https://registry.npmjs.org/type-fest/-/type-fest-4.41.0.tgz 12966ms (cache miss)
1138 http fetch GET 200 https://registry.npmjs.org/oniguruma-parser/-/oniguruma-parser-0.12.1.tgz 12936ms (cache miss)
1139 http fetch GET 200 https://registry.npmjs.org/mdast-util-to-markdown/-/mdast-util-to-markdown-2.1.2.tgz 13043ms (cache miss)
1140 http fetch GET 200 https://registry.npmjs.org/zod-to-json-schema/-/zod-to-json-schema-3.24.6.tgz 13195ms (cache miss)
1141 http fetch GET 200 https://registry.npmjs.org/@img/sharp-win32-x64/-/sharp-win32-x64-0.33.5.tgz 13520ms (cache miss)
1142 http fetch GET 200 https://registry.npmjs.org/fontkit/-/fontkit-2.0.4.tgz 13451ms (cache miss)
1143 http fetch GET 200 https://registry.npmjs.org/@babel/types/-/types-7.28.2.tgz 14065ms (cache miss)
1144 http fetch GET 200 https://registry.npmjs.org/typescript/-/typescript-5.8.3.tgz 15116ms (cache miss)
1145 http fetch GET 200 https://registry.npmjs.org/css-tree/-/css-tree-3.1.0.tgz 15368ms (cache miss)
1146 http fetch GET 200 https://registry.npmjs.org/@swc/helpers/-/helpers-0.5.17.tgz 15545ms (cache miss)
1147 http fetch GET 200 https://registry.npmjs.org/@shikijs/langs/-/langs-3.8.1.tgz 17174ms (cache miss)
1148 http fetch GET 200 https://registry.npmjs.org/prismjs/-/prismjs-1.30.0.tgz 17362ms (cache miss)
1149 http fetch GET 200 https://registry.npmjs.org/zod/-/zod-3.25.76.tgz 17991ms (cache miss)
1150 http fetch GET 200 https://registry.npmjs.org/shiki/-/shiki-3.8.1.tgz 18173ms (cache miss)
1151 http fetch GET 200 https://registry.npmjs.org/astro/-/astro-5.12.3.tgz 20590ms (cache miss)
1152 info run sharp@0.33.5 install node_modules/sharp node install/check
1153 info run sharp@0.33.5 install { code: 0, signal: null }
1154 info run esbuild@0.25.8 postinstall node_modules/esbuild node install.js
1155 info run esbuild@0.25.8 postinstall { code: 0, signal: null }
1156 silly CHANGE node_modules/anymatch/node_modules/picomatch
1157 silly CHANGE node_modules/@ungap/structured-clone
1158 silly CHANGE node_modules/@types/unist
1159 silly CHANGE node_modules/@types/node
1160 silly CHANGE node_modules/@types/nlcst
1161 silly CHANGE node_modules/@types/ms
1162 silly CHANGE node_modules/@types/mdast
1163 silly CHANGE node_modules/@types/hast
1164 silly CHANGE node_modules/@types/fontkit
1165 silly CHANGE node_modules/@types/debug
1166 silly CHANGE node_modules/@shikijs/types
1167 silly CHANGE node_modules/@swc/helpers
1168 silly CHANGE node_modules/@shikijs/vscode-textmate
1169 silly CHANGE node_modules/@shikijs/themes
1170 silly CHANGE node_modules/@shikijs/langs
1171 silly CHANGE node_modules/@shikijs/engine-oniguruma
1172 silly CHANGE node_modules/@shikijs/engine-javascript
1173 silly CHANGE node_modules/@shikijs/core
1174 silly CHANGE node_modules/@rollup/rollup-win32-x64-msvc
1175 silly CHANGE node_modules/@rollup/pluginutils
1176 silly CHANGE node_modules/@rollup/pluginutils/node_modules/estree-walker
1177 silly CHANGE node_modules/@oslojs/encoding
1178 silly CHANGE node_modules/@jridgewell/sourcemap-codec
1179 silly CHANGE node_modules/@img/sharp-win32-x64
1180 silly CHANGE node_modules/@esbuild/win32-x64
1181 silly CHANGE node_modules/@capsizecss/unpack
1182 silly CHANGE node_modules/@babel/types
1183 silly CHANGE node_modules/@babel/parser
1184 silly CHANGE node_modules/@babel/helper-validator-identifier
1185 silly CHANGE node_modules/@astrojs/prism
1186 silly CHANGE node_modules/@astrojs/telemetry
1187 silly CHANGE node_modules/@astrojs/markdown-remark
1188 silly CHANGE node_modules/@astrojs/internal-helpers
1189 silly CHANGE node_modules/@astrojs/compiler
1190 silly CHANGE node_modules/zwitch
1191 silly CHANGE node_modules/zod-to-ts
1192 silly CHANGE node_modules/zod
1193 silly CHANGE node_modules/zod-to-json-schema
1194 silly CHANGE node_modules/yoctocolors
1195 silly CHANGE node_modules/yocto-spinner
1196 silly CHANGE node_modules/yocto-queue
1197 silly CHANGE node_modules/yargs-parser
1198 silly CHANGE node_modules/xxhash-wasm
1199 silly CHANGE node_modules/wrap-ansi
1200 silly CHANGE node_modules/widest-line
1201 silly CHANGE node_modules/which-pm-runs
1202 silly CHANGE node_modules/whatwg-url
1203 silly CHANGE node_modules/webidl-conversions
1204 silly CHANGE node_modules/web-namespaces
1205 silly CHANGE node_modules/vitefu
1206 silly CHANGE node_modules/vite
1207 silly CHANGE node_modules/vfile-message
1208 silly CHANGE node_modules/vfile-location
1209 silly CHANGE node_modules/unist-util-visit-parents
1210 silly CHANGE node_modules/unstorage
1211 silly CHANGE node_modules/vfile
1212 silly CHANGE node_modules/unist-util-visit-children
1213 silly CHANGE node_modules/unist-util-modify-children
1214 silly CHANGE node_modules/unist-util-visit
1215 silly CHANGE node_modules/unist-util-stringify-position
1216 silly CHANGE node_modules/unist-util-remove-position
1217 silly CHANGE node_modules/unist-util-position
1218 silly CHANGE node_modules/unist-util-is
1219 silly CHANGE node_modules/unist-util-find-after
1220 silly CHANGE node_modules/unifont
1221 silly CHANGE node_modules/uncrypto
1222 silly CHANGE node_modules/unified
1223 silly CHANGE node_modules/unicode-trie
1224 silly CHANGE node_modules/unicode-properties
1225 silly CHANGE node_modules/undici-types
1226 silly CHANGE node_modules/ultrahtml
1227 silly CHANGE node_modules/ufo
1228 silly CHANGE node_modules/typescript
1229 silly CHANGE node_modules/type-fest
1230 silly CHANGE node_modules/tsconfck
1231 silly CHANGE node_modules/trim-lines
1232 silly CHANGE node_modules/trough
1233 silly CHANGE node_modules/tr46
1234 silly CHANGE node_modules/tinyglobby
1235 silly CHANGE node_modules/tinyexec
1236 silly CHANGE node_modules/tiny-inflate
1237 silly CHANGE node_modules/strip-ansi
1238 silly CHANGE node_modules/stringify-entities
1239 silly CHANGE node_modules/string-width
1240 silly CHANGE node_modules/space-separated-tokens
1241 silly CHANGE node_modules/sisteransi
1242 silly CHANGE node_modules/smol-toml
1243 silly CHANGE node_modules/simple-swizzle
1244 silly CHANGE node_modules/shiki
1245 silly CHANGE node_modules/sharp
1246 silly CHANGE node_modules/semver
1247 silly CHANGE node_modules/rollup
1248 silly CHANGE node_modules/retext-stringify
1249 silly CHANGE node_modules/retext-smartypants
1250 silly CHANGE node_modules/retext-latin
1251 silly CHANGE node_modules/retext
1252 silly CHANGE node_modules/restructure
1253 silly CHANGE node_modules/remark-smartypants
1254 silly CHANGE node_modules/remark-rehype
1255 silly CHANGE node_modules/remark-stringify
1256 silly CHANGE node_modules/rehype-stringify
1257 silly CHANGE node_modules/remark-parse
1258 silly CHANGE node_modules/remark-gfm
1259 silly CHANGE node_modules/rehype-raw
1260 silly CHANGE node_modules/regex-utilities
1261 silly CHANGE node_modules/rehype-parse
1262 silly CHANGE node_modules/rehype
1263 silly CHANGE node_modules/regex-recursion
1264 silly CHANGE node_modules/regex
1265 silly CHANGE node_modules/readdirp
1266 silly CHANGE node_modules/property-information
1267 silly CHANGE node_modules/radix3
1268 silly CHANGE node_modules/prompts
1269 silly CHANGE node_modules/prompts/node_modules/kleur
1270 silly CHANGE node_modules/parse5
1271 silly CHANGE node_modules/prismjs
1272 silly CHANGE node_modules/nlcst-to-string
1273 silly CHANGE node_modules/parse-latin
1274 silly CHANGE node_modules/p-timeout
1275 silly CHANGE node_modules/package-manager-detector
1276 silly CHANGE node_modules/pako
1277 silly CHANGE node_modules/p-queue
1278 silly CHANGE node_modules/p-limit
1279 silly CHANGE node_modules/oniguruma-to-es
1280 silly CHANGE node_modules/oniguruma-parser
1281 silly CHANGE node_modules/ohash
1282 silly CHANGE node_modules/ofetch
1283 silly CHANGE node_modules/node-mock-http
1284 silly CHANGE node_modules/node-fetch-native
1285 silly CHANGE node_modules/html-escaper
1286 silly CHANGE node_modules/neotraverse
1287 silly CHANGE node_modules/node-fetch
1288 silly CHANGE node_modules/nanoid
1289 silly CHANGE node_modules/micromark-util-types
1290 silly CHANGE node_modules/dset
1291 silly CHANGE node_modules/mrmime
1292 silly CHANGE node_modules/micromark-util-symbol
1293 silly CHANGE node_modules/micromark-util-subtokenize
1294 silly CHANGE node_modules/micromark-util-sanitize-uri
1295 silly CHANGE node_modules/micromark-util-resolve-all
1296 silly CHANGE node_modules/micromark-util-normalize-identifier
1297 silly CHANGE node_modules/micromark-util-html-tag-name
1298 silly CHANGE node_modules/micromark-util-encode
1299 silly CHANGE node_modules/micromark-util-decode-string
1300 silly CHANGE node_modules/micromark-util-decode-numeric-character-reference
1301 silly CHANGE node_modules/micromark-util-combine-extensions
1302 silly CHANGE node_modules/micromark-util-classify-character
1303 silly CHANGE node_modules/micromark-util-character
1304 silly CHANGE node_modules/micromark-util-chunked
1305 silly CHANGE node_modules/micromark-factory-whitespace
1306 silly CHANGE node_modules/micromark-factory-title
1307 silly CHANGE node_modules/micromark-factory-space
1308 silly CHANGE node_modules/micromark-factory-label
1309 silly CHANGE node_modules/micromark-factory-destination
1310 silly CHANGE node_modules/micromark-extension-gfm-tagfilter
1311 silly CHANGE node_modules/micromark-extension-gfm-task-list-item
1312 silly CHANGE node_modules/micromark-extension-gfm-table
1313 silly CHANGE node_modules/micromark-extension-gfm-strikethrough
1314 silly CHANGE node_modules/micromark-extension-gfm-footnote
1315 silly CHANGE node_modules/micromark-extension-gfm-autolink-literal
1316 silly CHANGE node_modules/micromark-extension-gfm
1317 silly CHANGE node_modules/micromark-core-commonmark
1318 silly CHANGE node_modules/mdast-util-to-string
1319 silly CHANGE node_modules/micromark
1320 silly CHANGE node_modules/mdast-util-to-markdown
1321 silly CHANGE node_modules/mdn-data
1322 silly CHANGE node_modules/mdast-util-phrasing
1323 silly CHANGE node_modules/mdast-util-to-hast
1324 silly CHANGE node_modules/mdast-util-gfm-table
1325 silly CHANGE node_modules/mdast-util-gfm-task-list-item
1326 silly CHANGE node_modules/mdast-util-gfm-strikethrough
1327 silly CHANGE node_modules/mdast-util-gfm-footnote
1328 silly CHANGE node_modules/mdast-util-gfm-autolink-literal
1329 silly CHANGE node_modules/mdast-util-gfm
1330 silly CHANGE node_modules/mdast-util-from-markdown
1331 silly CHANGE node_modules/mdast-util-find-and-replace
1332 silly CHANGE node_modules/mdast-util-definitions
1333 silly CHANGE node_modules/markdown-table
1334 silly CHANGE node_modules/magic-string
1335 silly CHANGE node_modules/magicast
1336 silly CHANGE node_modules/longest-streak
1337 silly CHANGE node_modules/lru-cache
1338 silly CHANGE node_modules/kleur
1339 silly CHANGE node_modules/js-yaml
1340 silly CHANGE node_modules/is-wsl
1341 silly CHANGE node_modules/is-plain-obj
1342 silly CHANGE node_modules/is-inside-container
1343 silly CHANGE node_modules/is-fullwidth-code-point
1344 silly CHANGE node_modules/iron-webcrypto
1345 silly CHANGE node_modules/is-docker
1346 silly CHANGE node_modules/is-arrayish
1347 silly CHANGE node_modules/import-meta-resolve
1348 silly CHANGE node_modules/html-void-elements
1349 silly CHANGE node_modules/http-cache-semantics
1350 silly CHANGE node_modules/hastscript
1351 silly CHANGE node_modules/hast-util-whitespace
1352 silly CHANGE node_modules/hast-util-to-text
1353 silly CHANGE node_modules/hast-util-to-parse5
1354 silly CHANGE node_modules/hast-util-to-parse5/node_modules/property-information
1355 silly CHANGE node_modules/hast-util-to-html
1356 silly CHANGE node_modules/hast-util-raw
1357 silly CHANGE node_modules/hast-util-parse-selector
1358 silly CHANGE node_modules/hast-util-is-element
1359 silly CHANGE node_modules/hast-util-from-parse5
1360 silly CHANGE node_modules/hast-util-from-html
1361 silly CHANGE node_modules/h3
1362 silly CHANGE node_modules/get-east-asian-width
1363 silly CHANGE node_modules/github-slugger
1364 silly CHANGE node_modules/fontkit
1365 silly CHANGE node_modules/fontace
1366 silly CHANGE node_modules/flattie
1367 silly CHANGE node_modules/fdir
1368 silly CHANGE node_modules/extend
1369 silly CHANGE node_modules/estree-walker
1370 silly CHANGE node_modules/eventemitter3
1371 silly CHANGE node_modules/escape-string-regexp
1372 silly CHANGE node_modules/esbuild
1373 silly CHANGE node_modules/es-module-lexer
1374 silly CHANGE node_modules/entities
1375 silly CHANGE node_modules/emoji-regex
1376 silly CHANGE node_modules/diff
1377 silly CHANGE node_modules/devlop
1378 silly CHANGE node_modules/dfa
1379 silly CHANGE node_modules/devalue
1380 silly CHANGE node_modules/deterministic-object-hash
1381 silly CHANGE node_modules/detect-libc
1382 silly CHANGE node_modules/destr
1383 silly CHANGE node_modules/dequal
1384 silly CHANGE node_modules/decode-named-character-reference
1385 silly CHANGE node_modules/defu
1386 silly CHANGE node_modules/cssesc
1387 silly CHANGE node_modules/debug
1388 silly CHANGE node_modules/css-tree
1389 silly CHANGE node_modules/cross-fetch
1390 silly CHANGE node_modules/crossws
1391 silly CHANGE node_modules/comma-separated-tokens
1392 silly CHANGE node_modules/cookie
1393 silly CHANGE node_modules/cookie-es
1394 silly CHANGE node_modules/common-ancestor-path
1395 silly CHANGE node_modules/color-string
1396 silly CHANGE node_modules/color
1397 silly CHANGE node_modules/clsx
1398 silly CHANGE node_modules/clone
1399 silly CHANGE node_modules/cli-boxes
1400 silly CHANGE node_modules/ci-info
1401 silly CHANGE node_modules/chokidar
1402 silly CHANGE node_modules/character-entities-legacy
1403 silly CHANGE node_modules/character-entities
1404 silly CHANGE node_modules/ccount
1405 silly CHANGE node_modules/character-entities-html4
1406 silly CHANGE node_modules/chalk
1407 silly CHANGE node_modules/boxen
1408 silly CHANGE node_modules/camelcase
1409 silly CHANGE node_modules/brotli
1410 silly CHANGE node_modules/blob-to-buffer
1411 silly CHANGE node_modules/bail
1412 silly CHANGE node_modules/base64-js
1413 silly CHANGE node_modules/base-64
1414 silly CHANGE node_modules/astro
1415 silly CHANGE node_modules/array-iterate
1416 silly CHANGE node_modules/ansi-styles
1417 silly CHANGE node_modules/ansi-regex
1418 silly CHANGE node_modules/ansi-align
1419 silly CHANGE node_modules/ansi-align/node_modules/string-width
1420 silly CHANGE node_modules/ansi-align/node_modules/strip-ansi
1421 silly CHANGE node_modules/ansi-align/node_modules/emoji-regex
1422 silly CHANGE node_modules/ansi-align/node_modules/ansi-regex
1423 silly CHANGE node_modules/acorn
1424 verbose cwd C:\Users\LeahN\Desktop\PatchWeb\PatchWebsite\PatchWebsiteCode
1425 verbose os Windows_NT 10.0.26200
1426 verbose node v24.13.1
1427 verbose npm  v11.8.0
1428 verbose exit 0
1429 info ok
